DTC,DTD,Time,Val,Unit,Year
HQ0,MANUAL-Observed Discharge,2015-11-15 08:00:00,572.72,m3/sec,2015
HQ0,MANUAL-Observed Discharge,2015-11-16 08:00:00,280.29,m3/sec,2015
HQ0,MANUAL-Observed Discharge,2015-11-17 08:00:00,129.71,m3/sec,2015
HQ0,MANUAL-Observed Discharge,2015-11-18 08:00:00,160.31,m3/sec,2015
HQ0,MANUAL-Observed Discharge,2015-11-19 08:00:00,116.71,m3/sec,2015
HQ0,MANUAL-Observed Discharge,2015-11-20 08:00:00,108.39,m3/sec,2015
HQ0,MANUAL-Observed Discharge,2015-11-21 08:00:00,81.49,m3/sec,2015
HQ0,MANUAL-Observed Discharge,2015-11-22 08:00:00,412.97,m3/sec,2015
HQ0,MANUAL-Observed Discharge,2015-11-23 08:00:00,140.89,m3/sec,2015
HQ0,MANUAL-Observed Discharge,2015-11-24 08:00:00,70.9,m3/sec,2015
HQ0,MANUAL-Observed Discharge,2015-11-25 08:00:00,64.95,m3/sec,2015
HQ0,MANUAL-Observed Discharge,2015-11-26 08:00:00,30.9,m3/sec,2015
HQ0,MANUAL-Observed Discharge,2015-11-27 08:00:00,26.51,m3/sec,2015
HQ0,MANUAL-Observed Discharge,2015-11-28 08:00:00,22.66,m3/sec,2015
HQ0,MANUAL-Observed Discharge,2015-11-29 08:00:00,9.89,m3/sec,2015
HQ0,MANUAL-Observed Discharge,2015-11-30 08:00:00,30.9,m3/sec,2015
HQ0,MANUAL-Observed Discharge,2015-12-01 08:00:00,53.81,m3/sec,2015
HQ0,MANUAL-Observed Discharge,2015-12-02 08:00:00,29.02,m3/sec,2015
HQ0,MANUAL-Observed Discharge,2015-12-03 08:00:00,15.08,m3/sec,2015
HQ0,MANUAL-Observed Discharge,2015-12-04 08:00:00,12.22,m3/sec,2015
HQ0,MANUAL-Observed Discharge,2015-12-05 08:00:00,8.75,m3/sec,2015
HQ0,MANUAL-Observed Discharge,2017-10-09 08:00:00,99.71,m3/sec,2017
HQ0,MANUAL-Observed Discharge,2017-10-10 08:00:00,89.31,m3/sec,2017
HQ0,MANUAL-Observed Discharge,2017-10-11 08:00:00,49.9,m3/sec,2017
HQ0,MANUAL-Observed Discharge,2017-10-12 08:00:00,19.01,m3/sec,2017
HQ0,MANUAL-Observed Discharge,2017-10-13 08:00:00,13.92,m3/sec,2017
HQ0,MANUAL-Observed Discharge,2017-10-14 08:00:00,9.94,m3/sec,2017
HQ0,MANUAL-Observed Discharge,2017-10-15 08:00:00,39.36,m3/sec,2017
HQ0,MANUAL-Observed Discharge,2017-10-16 08:00:00,49.9,m3/sec,2017
HQ0,MANUAL-Observed Discharge,2017-10-17 08:00:00,8.53,m3/sec,2017
HQ0,MANUAL-Observed Discharge,2017-10-21 08:00:00,5.01,m3/sec,2017
HQ0,MANUAL-Observed Discharge,2017-10-23 08:00:00,5.73,m3/sec,2017
HQ0,MANUAL-Observed Discharge,2017-10-26 08:00:00,14.83,m3/sec,2017
HQ0,MANUAL-Observed Discharge,2017-10-31 08:00:00,13.92,m3/sec,2017
HQ0,MANUAL-Observed Discharge,2019-09-20 08:00:00,3.3,m3/sec,2019
HQ0,MANUAL-Observed Discharge,2019-09-21 08:00:00,9.14,m3/sec,2019
HQ0,MANUAL-Observed Discharge,2019-09-22 08:00:00,12.85,m3/sec,2019
HQ0,MANUAL-Observed Discharge,2019-09-23 08:00:00,19.75,m3/sec,2019
HQ0,MANUAL-Observed Discharge,2019-09-24 08:00:00,19.75,m3/sec,2019
HQ0,MANUAL-Observed Discharge,2019-09-25 08:00:00,13.54,m3/sec,2019
HQ0,MANUAL-Observed Discharge,2019-09-26 08:00:00,7.09,m3/sec,2019
HQ0,MANUAL-Observed Discharge,2019-09-27 08:00:00,7.09,m3/sec,2019
HQ0,MANUAL-Observed Discharge,2019-09-28 08:00:00,7.09,m3/sec,2019
HQ0,MANUAL-Observed Discharge,2019-09-29 08:00:00,6.37,m3/sec,2019
HQ0,MANUAL-Observed Discharge,2019-09-30 08:00:00,6.37,m3/sec,2019
HQ0,MANUAL-Observed Discharge,2019-10-01 08:00:00,4.59,m3/sec,2019
HQ0,MANUAL-Observed Discharge,2019-10-02 08:00:00,4.3,m3/sec,2019
HQ0,MANUAL-Observed Discharge,2019-10-03 08:00:00,4.3,m3/sec,2019
HQ0,MANUAL-Observed Discharge,2019-10-04 08:00:00,3.87,m3/sec,2019
HQ0,MANUAL-Observed Discharge,2019-10-05 08:00:00,3.87,m3/sec,2019
HQ0,MANUAL-Observed Discharge,2019-10-06 08:00:00,3.15,m3/sec,2019
HQ0,MANUAL-Observed Discharge,2019-10-07 08:00:00,2.88,m3/sec,2019
HQ0,MANUAL-Observed Discharge,2019-10-08 08:00:00,2.88,m3/sec,2019
HQ0,MANUAL-Observed Discharge,2019-10-09 08:00:00,2.88,m3/sec,2019
HQ0,MANUAL-Observed Discharge,2019-10-10 08:00:00,2.88,m3/sec,2019
HQ0,MANUAL-Observed Discharge,2019-10-11 08:00:00,2.88,m3/sec,2019
HQ0,MANUAL-Observed Discharge,2019-10-12 08:00:00,2.88,m3/sec,2019
HQ0,MANUAL-Observed Discharge,2019-10-13 08:00:00,2.88,m3/sec,2019
HQ0,MANUAL-Observed Discharge,2019-10-14 08:00:00,2.88,m3/sec,2019
HQ0,MANUAL-Observed Discharge,2019-10-15 08:00:00,2.88,m3/sec,2019
HQ0,MANUAL-Observed Discharge,2019-10-16 08:00:00,2.88,m3/sec,2019
HQ0,MANUAL-Observed Discharge,2019-10-17 08:00:00,2.88,m3/sec,2019
HQ0,MANUAL-Observed Discharge,2019-10-18 08:00:00,2.88,m3/sec,2019
HQ0,MANUAL-Observed Discharge,2019-10-19 08:00:00,2.88,m3/sec,2019
HQ0,MANUAL-Observed Discharge,2019-10-20 08:00:00,2.88,m3/sec,2019
HQ0,MANUAL-Observed Discharge,2019-10-21 08:00:00,2.88,m3/sec,2019
HQ0,MANUAL-Observed Discharge,2019-10-22 08:00:00,2.88,m3/sec,2019
HQ0,MANUAL-Observed Discharge,2019-10-23 08:00:00,2.88,m3/sec,2019
HQ0,MANUAL-Observed Discharge,2019-10-24 08:00:00,2.88,m3/sec,2019
HQ0,MANUAL-Observed Discharge,2019-10-25 08:00:00,2.88,m3/sec,2019
HQ0,MANUAL-Observed Discharge,2019-10-26 08:00:00,2.88,m3/sec,2019
HQ0,MANUAL-Observed Discharge,2019-10-27 08:00:00,2.88,m3/sec,2019
HQ0,MANUAL-Observed Discharge,2019-10-28 08:00:00,2.88,m3/sec,2019
HQ0,MANUAL-Observed Discharge,2019-10-29 08:00:00,2.88,m3/sec,2019
HQ0,MANUAL-Observed Discharge,2019-10-30 08:00:00,3.87,m3/sec,2019
HQ0,MANUAL-Observed Discharge,2019-10-31 08:00:00,5.38,m3/sec,2019
HQ0,MANUAL-Observed Discharge,2019-11-01 08:00:00,5.38,m3/sec,2019
HQ0,MANUAL-Observed Discharge,2019-11-02 08:00:00,4.59,m3/sec,2019
HQ0,MANUAL-Observed Discharge,2019-11-03 08:00:00,4.3,m3/sec,2019
HQ0,MANUAL-Observed Discharge,2019-11-04 08:00:00,3.87,m3/sec,2019
HQ0,MANUAL-Observed Discharge,2019-11-05 08:00:00,2.88,m3/sec,2019
HQ0,MANUAL-Observed Discharge,2019-11-06 08:00:00,2.11,m3/sec,2019
HQ0,MANUAL-Observed Discharge,2019-11-07 08:00:00,1.62,m3/sec,2019
HQ0,MANUAL-Observed Discharge,2019-11-08 08:00:00,0.05,m3/sec,2019
HQ0,MANUAL-Observed Discharge,2019-11-09 08:00:00,0.05,m3/sec,2019
HQ0,MANUAL-Observed Discharge,2019-11-10 08:00:00,0.05,m3/sec,2019
HQ0,MANUAL-Observed Discharge,2019-11-11 08:00:00,0.05,m3/sec,2019
HQ0,MANUAL-Observed Discharge,2019-11-12 08:00:00,0.05,m3/sec,2019
HQ0,MANUAL-Observed Discharge,2019-11-13 08:00:00,0.05,m3/sec,2019
HQ0,MANUAL-Observed Discharge,2019-11-14 08:00:00,0.05,m3/sec,2019
HQ0,MANUAL-Observed Discharge,2019-11-15 08:00:00,0.05,m3/sec,2019
HQ0,MANUAL-Observed Discharge,2019-11-16 08:00:00,0.05,m3/sec,2019
HQ0,MANUAL-Observed Discharge,2019-11-17 08:00:00,0.05,m3/sec,2019
HQ0,MANUAL-Observed Discharge,2019-11-18 08:00:00,0.05,m3/sec,2019
HQ0,MANUAL-Observed Discharge,2019-11-19 08:00:00,0.05,m3/sec,2019
HQ0,MANUAL-Observed Discharge,2019-11-20 08:00:00,0.05,m3/sec,2019
HQ0,MANUAL-Observed Discharge,2019-11-21 08:00:00,0.05,m3/sec,2019
HQ0,MANUAL-Observed Discharge,2019-11-22 08:00:00,0.05,m3/sec,2019
HQ0,MANUAL-Observed Discharge,2019-11-23 08:00:00,0.05,m3/sec,2019
HQ0,MANUAL-Observed Discharge,2019-11-24 08:00:00,0.05,m3/sec,2019
HQ0,MANUAL-Observed Discharge,2019-11-25 08:00:00,0.05,m3/sec,2019
HQ0,MANUAL-Observed Discharge,2019-11-26 08:00:00,0.05,m3/sec,2019
HQ0,MANUAL-Observed Discharge,2019-11-27 08:00:00,0.05,m3/sec,2019
HQ0,MANUAL-Observed Discharge,2019-11-28 08:00:00,0.05,m3/sec,2019
HQ0,MANUAL-Observed Discharge,2019-11-29 08:00:00,0.05,m3/sec,2019
HQ0,MANUAL-Observed Discharge,2019-11-30 08:00:00,0.05,m3/sec,2019
HQ0,MANUAL-Observed Discharge,2019-12-01 08:00:00,0.05,m3/sec,2019
HQ0,MANUAL-Observed Discharge,2019-12-02 08:00:00,0.05,m3/sec,2019
HQ0,MANUAL-Observed Discharge,2019-12-03 08:00:00,0.05,m3/sec,2019
HQ0,MANUAL-Observed Discharge,2019-12-04 08:00:00,0.05,m3/sec,2019
HQ0,MANUAL-Observed Discharge,2019-12-05 08:00:00,0.05,m3/sec,2019
HQ0,MANUAL-Observed Discharge,2019-12-06 08:00:00,0.05,m3/sec,2019
HQ0,MANUAL-Observed Discharge,2019-12-07 08:00:00,0.05,m3/sec,2019
HQ0,MANUAL-Observed Discharge,2019-12-08 08:00:00,0.05,m3/sec,2019
HQ0,MANUAL-Observed Discharge,2019-12-09 08:00:00,0.05,m3/sec,2019
HQ0,MANUAL-Observed Discharge,2019-12-10 08:00:00,0.05,m3/sec,2019
HQ0,MANUAL-Observed Discharge,2019-12-11 08:00:00,0.05,m3/sec,2019
HQ0,MANUAL-Observed Discharge,2019-12-12 08:00:00,0.05,m3/sec,2019
HQ0,MANUAL-Observed Discharge,2019-12-13 08:00:00,0.05,m3/sec,2019
HQ0,MANUAL-Observed Discharge,2019-12-14 08:00:00,0.05,m3/sec,2019
HQ0,MANUAL-Observed Discharge,2019-12-15 08:00:00,0.05,m3/sec,2019
HQ0,MANUAL-Observed Discharge,2019-12-16 08:00:00,0.05,m3/sec,2019
HQ0,MANUAL-Observed Discharge,2019-12-17 08:00:00,0.05,m3/sec,2019
HQ0,MANUAL-Observed Discharge,2019-12-18 08:00:00,0.05,m3/sec,2019
HQ0,MANUAL-Observed Discharge,2019-12-19 08:00:00,0.05,m3/sec,2019
HQ0,MANUAL-Observed Discharge,2019-12-20 08:00:00,0.05,m3/sec,2019
HQ0,MANUAL-Observed Discharge,2019-12-21 08:00:00,0.05,m3/sec,2019
HQ0,MANUAL-Observed Discharge,2019-12-22 08:00:00,0.05,m3/sec,2019
HQ0,MANUAL-Observed Discharge,2019-12-23 08:00:00,0.05,m3/sec,2019
HQ0,MANUAL-Observed Discharge,2019-12-24 08:00:00,0.05,m3/sec,2019
HQ0,MANUAL-Observed Discharge,2019-12-25 08:00:00,0.05,m3/sec,2019
HQ0,MANUAL-Observed Discharge,2019-12-26 08:00:00,0.05,m3/sec,2019
HQ0,MANUAL-Observed Discharge,2019-12-27 08:00:00,0.05,m3/sec,2019
HQ0,MANUAL-Observed Discharge,2019-12-28 08:00:00,0.05,m3/sec,2019
HQ0,MANUAL-Observed Discharge,2019-12-29 08:00:00,0.05,m3/sec,2019
HQ0,MANUAL-Observed Discharge,2019-12-30 08:00:00,0.05,m3/sec,2019
HQ0,MANUAL-Observed Discharge,2019-12-31 08:00:00,0.05,m3/sec,2019
HQ0,MANUAL-Observed Discharge,2020-08-01 08:00:00,11.23,m3/sec,2020
HQ0,MANUAL-Observed Discharge,2020-08-02 08:00:00,16.36,m3/sec,2020
HQ0,MANUAL-Observed Discharge,2020-08-03 08:00:00,16.36,m3/sec,2020
HQ0,MANUAL-Observed Discharge,2020-08-04 08:00:00,25.97,m3/sec,2020
HQ0,MANUAL-Observed Discharge,2020-08-05 08:00:00,25.97,m3/sec,2020
HQ0,MANUAL-Observed Discharge,2020-08-06 08:00:00,25.97,m3/sec,2020
HQ0,MANUAL-Observed Discharge,2020-08-07 08:00:00,25.97,m3/sec,2020
HQ0,MANUAL-Observed Discharge,2020-08-08 08:00:00,25.97,m3/sec,2020
HQ0,MANUAL-Observed Discharge,2020-08-09 08:00:00,25.97,m3/sec,2020
HQ0,MANUAL-Observed Discharge,2020-08-10 08:00:00,25.97,m3/sec,2020
HQ0,MANUAL-Observed Discharge,2020-08-11 08:00:00,38.04,m3/sec,2020
HQ0,MANUAL-Observed Discharge,2020-08-12 08:00:00,38.04,m3/sec,2020
HQ0,MANUAL-Observed Discharge,2020-08-13 08:00:00,38.04,m3/sec,2020
HQ0,MANUAL-Observed Discharge,2020-08-14 08:00:00,25.97,m3/sec,2020
HQ0,MANUAL-Observed Discharge,2020-08-15 08:00:00,25.97,m3/sec,2020
HQ0,MANUAL-Observed Discharge,2020-08-16 08:00:00,25.97,m3/sec,2020
HQ0,MANUAL-Observed Discharge,2020-08-17 08:00:00,25.97,m3/sec,2020
HQ0,MANUAL-Observed Discharge,2020-08-18 08:00:00,25.97,m3/sec,2020
HQ0,MANUAL-Observed Discharge,2020-08-19 08:00:00,16.36,m3/sec,2020
HQ0,MANUAL-Observed Discharge,2020-08-20 08:00:00,16.36,m3/sec,2020
HQ0,MANUAL-Observed Discharge,2020-08-21 08:00:00,16.36,m3/sec,2020
HQ0,MANUAL-Observed Discharge,2020-08-22 08:00:00,16.36,m3/sec,2020
HQ0,MANUAL-Observed Discharge,2020-08-23 08:00:00,16.36,m3/sec,2020
HQ0,MANUAL-Observed Discharge,2020-08-24 08:00:00,16.36,m3/sec,2020
HQ0,MANUAL-Observed Discharge,2020-08-25 08:00:00,11.23,m3/sec,2020
HQ0,MANUAL-Observed Discharge,2020-08-26 08:00:00,11.23,m3/sec,2020
HQ0,MANUAL-Observed Discharge,2020-08-27 08:00:00,11.23,m3/sec,2020
HQ0,MANUAL-Observed Discharge,2020-08-28 08:00:00,11.23,m3/sec,2020
HQ0,MANUAL-Observed Discharge,2020-08-29 08:00:00,11.23,m3/sec,2020
HQ0,MANUAL-Observed Discharge,2020-08-30 08:00:00,11.23,m3/sec,2020
HQ0,MANUAL-Observed Discharge,2020-08-31 08:00:00,11.23,m3/sec,2020
HQ0,MANUAL-Observed Discharge,2020-09-01 08:00:00,11.23,m3/sec,2020
HQ0,MANUAL-Observed Discharge,2020-09-02 08:00:00,16.36,m3/sec,2020
HQ0,MANUAL-Observed Discharge,2020-09-03 08:00:00,16.36,m3/sec,2020
HQ0,MANUAL-Observed Discharge,2020-09-04 08:00:00,25.97,m3/sec,2020
HQ0,MANUAL-Observed Discharge,2020-09-05 08:00:00,25.97,m3/sec,2020
HQ0,MANUAL-Observed Discharge,2020-09-06 08:00:00,25.97,m3/sec,2020
HQ0,MANUAL-Observed Discharge,2020-09-07 08:00:00,25.97,m3/sec,2020
HQ0,MANUAL-Observed Discharge,2020-09-08 08:00:00,25.97,m3/sec,2020
HQ0,MANUAL-Observed Discharge,2020-09-09 08:00:00,25.97,m3/sec,2020
HQ0,MANUAL-Observed Discharge,2020-09-10 08:00:00,25.97,m3/sec,2020
HQ0,MANUAL-Observed Discharge,2020-09-11 08:00:00,38.04,m3/sec,2020
HQ0,MANUAL-Observed Discharge,2020-09-12 08:00:00,38.04,m3/sec,2020
HQ0,MANUAL-Observed Discharge,2020-09-13 08:00:00,38.04,m3/sec,2020
HQ0,MANUAL-Observed Discharge,2020-09-14 08:00:00,25.97,m3/sec,2020
HQ0,MANUAL-Observed Discharge,2020-09-15 08:00:00,25.97,m3/sec,2020
HQ0,MANUAL-Observed Discharge,2020-09-16 08:00:00,25.97,m3/sec,2020
HQ0,MANUAL-Observed Discharge,2020-09-17 08:00:00,25.97,m3/sec,2020
HQ0,MANUAL-Observed Discharge,2020-09-18 08:00:00,25.97,m3/sec,2020
HQ0,MANUAL-Observed Discharge,2020-09-19 08:00:00,16.36,m3/sec,2020
HQ0,MANUAL-Observed Discharge,2020-09-20 08:00:00,16.36,m3/sec,2020
HQ0,MANUAL-Observed Discharge,2020-09-21 08:00:00,16.36,m3/sec,2020
HQ0,MANUAL-Observed Discharge,2020-09-22 08:00:00,16.36,m3/sec,2020
HQ0,MANUAL-Observed Discharge,2020-09-23 08:00:00,16.36,m3/sec,2020
HQ0,MANUAL-Observed Discharge,2020-09-24 08:00:00,16.36,m3/sec,2020
HQ0,MANUAL-Observed Discharge,2020-09-25 08:00:00,11.23,m3/sec,2020
HQ0,MANUAL-Observed Discharge,2020-09-26 08:00:00,11.23,m3/sec,2020
HQ0,MANUAL-Observed Discharge,2020-09-27 08:00:00,11.23,m3/sec,2020
HQ0,MANUAL-Observed Discharge,2020-09-28 08:00:00,11.23,m3/sec,2020
HQ0,MANUAL-Observed Discharge,2020-09-29 08:00:00,11.23,m3/sec,2020
HQ0,MANUAL-Observed Discharge,2020-09-30 08:00:00,11.23,m3/sec,2020
HQ0,MANUAL-Observed Discharge,2020-10-01 08:00:00,10.22,m3/sec,2020
HQ0,MANUAL-Observed Discharge,2020-10-02 08:00:00,10.22,m3/sec,2020
HQ0,MANUAL-Observed Discharge,2020-10-03 08:00:00,10.22,m3/sec,2020
HQ0,MANUAL-Observed Discharge,2020-10-04 08:00:00,7.84,m3/sec,2020
HQ0,MANUAL-Observed Discharge,2020-10-05 08:00:00,7.84,m3/sec,2020
HQ0,MANUAL-Observed Discharge,2020-10-06 08:00:00,7.84,m3/sec,2020
HQ0,MANUAL-Observed Discharge,2020-10-07 08:00:00,11.23,m3/sec,2020
HQ0,MANUAL-Observed Discharge,2020-10-08 08:00:00,11.23,m3/sec,2020
HQ0,MANUAL-Observed Discharge,2020-10-09 08:00:00,16.36,m3/sec,2020
HQ0,MANUAL-Observed Discharge,2020-10-10 08:00:00,11.23,m3/sec,2020
HQ0,MANUAL-Observed Discharge,2020-10-11 08:00:00,10.22,m3/sec,2020
HQ0,MANUAL-Observed Discharge,2020-10-12 08:00:00,7.84,m3/sec,2020
HQ0,MANUAL-Observed Discharge,2020-10-13 08:00:00,6.61,m3/sec,2020
HQ0,MANUAL-Observed Discharge,2020-10-14 08:00:00,4.48,m3/sec,2020
HQ0,MANUAL-Observed Discharge,2020-10-15 08:00:00,3.01,m3/sec,2020
HQ0,MANUAL-Observed Discharge,2020-10-16 08:00:00,3.01,m3/sec,2020
HQ0,MANUAL-Observed Discharge,2020-10-17 08:00:00,3.01,m3/sec,2020
HQ0,MANUAL-Observed Discharge,2020-10-18 08:00:00,3.01,m3/sec,2020
HQ0,MANUAL-Observed Discharge,2020-10-19 08:00:00,4.48,m3/sec,2020
HQ0,MANUAL-Observed Discharge,2020-10-20 08:00:00,6.61,m3/sec,2020
HQ0,MANUAL-Observed Discharge,2020-10-21 08:00:00,6.61,m3/sec,2020
HQ0,MANUAL-Observed Discharge,2020-10-22 08:00:00,7.84,m3/sec,2020
HQ0,MANUAL-Observed Discharge,2020-10-23 08:00:00,7.84,m3/sec,2020
HQ0,MANUAL-Observed Discharge,2020-10-24 08:00:00,6.61,m3/sec,2020
HQ0,MANUAL-Observed Discharge,2020-10-25 08:00:00,6.61,m3/sec,2020
HQ0,MANUAL-Observed Discharge,2020-10-26 08:00:00,4.48,m3/sec,2020
HQ0,MANUAL-Observed Discharge,2020-10-27 08:00:00,4.48,m3/sec,2020
HQ0,MANUAL-Observed Discharge,2020-10-28 08:00:00,4.48,m3/sec,2020
HQ0,MANUAL-Observed Discharge,2020-10-29 08:00:00,4.48,m3/sec,2020
HQ0,MANUAL-Observed Discharge,2020-10-30 08:00:00,4.48,m3/sec,2020
HQ0,MANUAL-Observed Discharge,2020-10-31 08:00:00,4.48,m3/sec,2020
HQ0,MANUAL-Observed Discharge,2020-11-01 08:00:00,4.48,m3/sec,2020
HQ0,MANUAL-Observed Discharge,2020-11-02 08:00:00,4.48,m3/sec,2020
HQ0,MANUAL-Observed Discharge,2020-11-03 08:00:00,4.48,m3/sec,2020
HQ0,MANUAL-Observed Discharge,2020-11-04 08:00:00,4.48,m3/sec,2020
HQ0,MANUAL-Observed Discharge,2020-11-05 08:00:00,4.48,m3/sec,2020
HQ0,MANUAL-Observed Discharge,2020-11-06 08:00:00,4.48,m3/sec,2020
HQ0,MANUAL-Observed Discharge,2020-11-07 08:00:00,4.48,m3/sec,2020
HQ0,MANUAL-Observed Discharge,2020-11-08 08:00:00,4.48,m3/sec,2020
HQ0,MANUAL-Observed Discharge,2020-11-09 08:00:00,6.61,m3/sec,2020
HQ0,MANUAL-Observed Discharge,2020-11-10 08:00:00,6.61,m3/sec,2020
HQ0,MANUAL-Observed Discharge,2020-11-11 08:00:00,6.61,m3/sec,2020
HQ0,MANUAL-Observed Discharge,2020-11-12 08:00:00,6.61,m3/sec,2020
HQ0,MANUAL-Observed Discharge,2020-11-13 08:00:00,7.84,m3/sec,2020
HQ0,MANUAL-Observed Discharge,2020-11-14 08:00:00,7.84,m3/sec,2020
HQ0,MANUAL-Observed Discharge,2020-11-15 08:00:00,10.22,m3/sec,2020
HQ0,MANUAL-Observed Discharge,2020-11-16 08:00:00,11.23,m3/sec,2020
HQ0,MANUAL-Observed Discharge,2020-11-17 08:00:00,11.23,m3/sec,2020
HQ0,MANUAL-Observed Discharge,2020-11-18 08:00:00,16.36,m3/sec,2020
HQ0,MANUAL-Observed Discharge,2020-11-19 08:00:00,16.36,m3/sec,2020
HQ0,MANUAL-Observed Discharge,2020-11-20 08:00:00,25.97,m3/sec,2020
HQ0,MANUAL-Observed Discharge,2020-11-21 08:00:00,25.97,m3/sec,2020
HQ0,MANUAL-Observed Discharge,2020-11-22 08:00:00,16.36,m3/sec,2020
HQ0,MANUAL-Observed Discharge,2020-11-23 08:00:00,16.36,m3/sec,2020
HQ0,MANUAL-Observed Discharge,2020-11-24 08:00:00,25.97,m3/sec,2020
HQ0,MANUAL-Observed Discharge,2020-11-25 08:00:00,25.97,m3/sec,2020
HQ0,MANUAL-Observed Discharge,2020-11-26 08:00:00,38.04,m3/sec,2020
HQ0,MANUAL-Observed Discharge,2020-11-27 08:00:00,55.21,m3/sec,2020
HQ0,MANUAL-Observed Discharge,2020-11-28 08:00:00,38.04,m3/sec,2020
HQ0,MANUAL-Observed Discharge,2020-11-29 08:00:00,25.97,m3/sec,2020
HQ0,MANUAL-Observed Discharge,2020-11-30 08:00:00,38.04,m3/sec,2020
HQ0,MANUAL-Observed Discharge,2020-12-01 08:00:00,25.97,m3/sec,2020
HQ0,MANUAL-Observed Discharge,2020-12-02 08:00:00,25.97,m3/sec,2020
HQ0,MANUAL-Observed Discharge,2020-12-03 08:00:00,16.36,m3/sec,2020
HQ0,MANUAL-Observed Discharge,2020-12-04 08:00:00,16.36,m3/sec,2020
HQ0,MANUAL-Observed Discharge,2020-12-05 08:00:00,11.23,m3/sec,2020
HQ0,MANUAL-Observed Discharge,2020-12-06 08:00:00,16.36,m3/sec,2020
HQ0,MANUAL-Observed Discharge,2020-12-07 08:00:00,11.23,m3/sec,2020
HQ0,MANUAL-Observed Discharge,2020-12-08 08:00:00,16.36,m3/sec,2020
HQ0,MANUAL-Observed Discharge,2020-12-09 08:00:00,16.36,m3/sec,2020
HQ0,MANUAL-Observed Discharge,2020-12-10 08:00:00,25.97,m3/sec,2020
HQ0,MANUAL-Observed Discharge,2020-12-11 08:00:00,25.97,m3/sec,2020
HQ0,MANUAL-Observed Discharge,2020-12-12 08:00:00,25.97,m3/sec,2020
HQ0,MANUAL-Observed Discharge,2020-12-13 08:00:00,16.36,m3/sec,2020
HQ0,MANUAL-Observed Discharge,2020-12-14 08:00:00,25.97,m3/sec,2020
HQ0,MANUAL-Observed Discharge,2020-12-15 08:00:00,25.97,m3/sec,2020
HQ0,MANUAL-Observed Discharge,2020-12-16 08:00:00,16.36,m3/sec,2020
HQ0,MANUAL-Observed Discharge,2020-12-17 08:00:00,16.36,m3/sec,2020
HQ0,MANUAL-Observed Discharge,2020-12-18 08:00:00,11.23,m3/sec,2020
HQ0,MANUAL-Observed Discharge,2020-12-19 08:00:00,11.23,m3/sec,2020
HQ0,MANUAL-Observed Discharge,2020-12-20 08:00:00,11.23,m3/sec,2020
HQ0,MANUAL-Observed Discharge,2020-12-21 08:00:00,16.36,m3/sec,2020
HQ0,MANUAL-Observed Discharge,2020-12-22 08:00:00,16.36,m3/sec,2020
HQ0,MANUAL-Observed Discharge,2020-12-23 08:00:00,11.23,m3/sec,2020
HQ0,MANUAL-Observed Discharge,2020-12-24 08:00:00,11.23,m3/sec,2020
HQ0,MANUAL-Observed Discharge,2020-12-25 08:00:00,11.23,m3/sec,2020
HQ0,MANUAL-Observed Discharge,2020-12-26 08:00:00,11.23,m3/sec,2020
HQ0,MANUAL-Observed Discharge,2020-12-27 08:00:00,10.22,m3/sec,2020
HQ0,MANUAL-Observed Discharge,2020-12-28 08:00:00,10.22,m3/sec,2020
HQ0,MANUAL-Observed Discharge,2020-12-29 08:00:00,10.22,m3/sec,2020
HQ0,MANUAL-Observed Discharge,2020-12-30 08:00:00,10.22,m3/sec,2020
HQ0,MANUAL-Observed Discharge,2020-12-31 08:00:00,7.84,m3/sec,2020
HQ0,MANUAL-Observed Discharge,2021-01-01 08:00:00,7.288,m3/sec,2021
HQ0,MANUAL-Observed Discharge,2021-01-02 08:00:00,7.288,m3/sec,2021
HQ0,MANUAL-Observed Discharge,2021-01-03 08:00:00,4.911,m3/sec,2021
HQ0,MANUAL-Observed Discharge,2021-01-04 08:00:00,4.911,m3/sec,2021
HQ0,MANUAL-Observed Discharge,2021-01-05 08:00:00,4.911,m3/sec,2021
HQ0,MANUAL-Observed Discharge,2021-01-06 08:00:00,4.911,m3/sec,2021
HQ0,MANUAL-Observed Discharge,2021-01-07 08:00:00,3.291,m3/sec,2021
HQ0,MANUAL-Observed Discharge,2021-01-08 08:00:00,3.291,m3/sec,2021
HQ0,MANUAL-Observed Discharge,2021-01-09 08:00:00,3.291,m3/sec,2021
HQ0,MANUAL-Observed Discharge,2021-01-10 08:00:00,3.291,m3/sec,2021
HQ0,MANUAL-Observed Discharge,2021-01-11 08:00:00,3.291,m3/sec,2021
HQ0,MANUAL-Observed Discharge,2021-01-12 08:00:00,3.291,m3/sec,2021
HQ0,MANUAL-Observed Discharge,2021-01-13 08:00:00,3.291,m3/sec,2021
HQ0,MANUAL-Observed Discharge,2021-01-14 08:00:00,2.528,m3/sec,2021
HQ0,MANUAL-Observed Discharge,2021-01-15 08:00:00,2.528,m3/sec,2021
HQ0,MANUAL-Observed Discharge,2021-01-16 08:00:00,2.528,m3/sec,2021
HQ0,MANUAL-Observed Discharge,2021-01-17 08:00:00,2.528,m3/sec,2021
HQ0,MANUAL-Observed Discharge,2021-01-18 08:00:00,2.528,m3/sec,2021
HQ0,MANUAL-Observed Discharge,2021-01-19 08:00:00,1.985,m3/sec,2021
HQ0,MANUAL-Observed Discharge,2021-01-20 08:00:00,1.985,m3/sec,2021
HQ0,MANUAL-Observed Discharge,2021-01-21 08:00:00,1.985,m3/sec,2021
HQ0,MANUAL-Observed Discharge,2021-01-22 08:00:00,1.985,m3/sec,2021
HQ0,MANUAL-Observed Discharge,2021-01-23 08:00:00,1.985,m3/sec,2021
HQ0,MANUAL-Observed Discharge,2021-01-24 08:00:00,1.985,m3/sec,2021
HQ0,MANUAL-Observed Discharge,2021-01-25 08:00:00,0.052,m3/sec,2021
HQ0,MANUAL-Observed Discharge,2021-01-26 08:00:00,0.052,m3/sec,2021
HQ0,MANUAL-Observed Discharge,2021-01-27 08:00:00,0.052,m3/sec,2021
HQ0,MANUAL-Observed Discharge,2021-01-28 08:00:00,0.052,m3/sec,2021
HQ0,MANUAL-Observed Discharge,2021-01-29 08:00:00,0.052,m3/sec,2021
HQ0,MANUAL-Observed Discharge,2021-01-30 08:00:00,0.052,m3/sec,2021
HQ0,MANUAL-Observed Discharge,2021-01-31 08:00:00,0.052,m3/sec,2021
HQ0,MANUAL-Observed Discharge,2021-08-07 08:00:00,0.052,m3/sec,2021
HQ0,MANUAL-Observed Discharge,2021-08-08 08:00:00,0.052,m3/sec,2021
HQ0,MANUAL-Observed Discharge,2021-08-09 08:00:00,0.052,m3/sec,2021
HQ0,MANUAL-Observed Discharge,2021-08-10 08:00:00,0.052,m3/sec,2021
HQ0,MANUAL-Observed Discharge,2021-08-11 08:00:00,0.052,m3/sec,2021
HQ0,MANUAL-Observed Discharge,2021-08-12 08:00:00,0.052,m3/sec,2021
HQ0,MANUAL-Observed Discharge,2021-08-13 08:00:00,1.985,m3/sec,2021
HQ0,MANUAL-Observed Discharge,2021-08-14 08:00:00,1.985,m3/sec,2021
HQ0,MANUAL-Observed Discharge,2021-08-15 08:00:00,1.985,m3/sec,2021
HQ0,MANUAL-Observed Discharge,2021-08-16 08:00:00,1.985,m3/sec,2021
HQ0,MANUAL-Observed Discharge,2021-08-17 08:00:00,1.985,m3/sec,2021
HQ0,MANUAL-Observed Discharge,2021-08-18 08:00:00,1.985,m3/sec,2021
HQ0,MANUAL-Observed Discharge,2021-08-19 08:00:00,1.985,m3/sec,2021
HQ0,MANUAL-Observed Discharge,2021-08-20 08:00:00,1.985,m3/sec,2021
HQ0,MANUAL-Observed Discharge,2021-08-21 08:00:00,1.985,m3/sec,2021
HQ0,MANUAL-Observed Discharge,2021-08-22 08:00:00,2.528,m3/sec,2021
HQ0,MANUAL-Observed Discharge,2021-08-23 08:00:00,2.528,m3/sec,2021
HQ0,MANUAL-Observed Discharge,2021-08-24 08:00:00,2.528,m3/sec,2021
HQ0,MANUAL-Observed Discharge,2021-08-25 08:00:00,2.528,m3/sec,2021
HQ0,MANUAL-Observed Discharge,2021-08-26 08:00:00,2.528,m3/sec,2021
HQ0,MANUAL-Observed Discharge,2021-08-27 08:00:00,3.291,m3/sec,2021
HQ0,MANUAL-Observed Discharge,2021-08-28 08:00:00,3.291,m3/sec,2021
HQ0,MANUAL-Observed Discharge,2021-08-29 08:00:00,3.291,m3/sec,2021
HQ0,MANUAL-Observed Discharge,2021-08-30 08:00:00,3.291,m3/sec,2021
HQ0,MANUAL-Observed Discharge,2021-08-31 08:00:00,7.288,m3/sec,2021
HQ0,MANUAL-Observed Discharge,2021-09-01 08:00:00,7.288,m3/sec,2021
HQ0,MANUAL-Observed Discharge,2021-09-02 08:00:00,7.288,m3/sec,2021
HQ0,MANUAL-Observed Discharge,2021-09-03 08:00:00,7.288,m3/sec,2021
HQ0,MANUAL-Observed Discharge,2021-09-04 08:00:00,7.288,m3/sec,2021
HQ0,MANUAL-Observed Discharge,2021-09-05 08:00:00,7.288,m3/sec,2021
HQ0,MANUAL-Observed Discharge,2021-09-06 08:00:00,7.288,m3/sec,2021
HQ0,MANUAL-Observed Discharge,2021-09-07 08:00:00,13.867,m3/sec,2021
HQ0,MANUAL-Observed Discharge,2021-09-08 08:00:00,13.867,m3/sec,2021
HQ0,MANUAL-Observed Discharge,2021-09-09 08:00:00,13.867,m3/sec,2021
HQ0,MANUAL-Observed Discharge,2021-09-10 08:00:00,13.867,m3/sec,2021
HQ0,MANUAL-Observed Discharge,2021-09-11 08:00:00,13.867,m3/sec,2021
HQ0,MANUAL-Observed Discharge,2021-09-12 08:00:00,13.867,m3/sec,2021
HQ0,MANUAL-Observed Discharge,2021-09-13 08:00:00,7.288,m3/sec,2021
HQ0,MANUAL-Observed Discharge,2021-09-14 08:00:00,7.288,m3/sec,2021
HQ0,MANUAL-Observed Discharge,2021-09-15 08:00:00,7.288,m3/sec,2021
HQ0,MANUAL-Observed Discharge,2021-09-16 08:00:00,13.867,m3/sec,2021
HQ0,MANUAL-Observed Discharge,2021-09-17 08:00:00,13.867,m3/sec,2021
HQ0,MANUAL-Observed Discharge,2021-09-18 08:00:00,13.867,m3/sec,2021
HQ0,MANUAL-Observed Discharge,2021-09-19 08:00:00,13.867,m3/sec,2021
HQ0,MANUAL-Observed Discharge,2021-09-20 08:00:00,21.2,m3/sec,2021
HQ0,MANUAL-Observed Discharge,2021-09-21 08:00:00,21.2,m3/sec,2021
HQ0,MANUAL-Observed Discharge,2021-09-22 08:00:00,21.2,m3/sec,2021
HQ0,MANUAL-Observed Discharge,2021-09-23 08:00:00,31.353,m3/sec,2021
HQ0,MANUAL-Observed Discharge,2021-09-24 08:00:00,31.353,m3/sec,2021
HQ0,MANUAL-Observed Discharge,2021-09-25 08:00:00,31.353,m3/sec,2021
HQ0,MANUAL-Observed Discharge,2021-09-26 08:00:00,31.353,m3/sec,2021
HQ0,MANUAL-Observed Discharge,2021-09-27 08:00:00,31.353,m3/sec,2021
HQ0,MANUAL-Observed Discharge,2021-09-28 08:00:00,31.353,m3/sec,2021
HQ0,MANUAL-Observed Discharge,2021-09-29 08:00:00,62.425,m3/sec,2021
HQ0,MANUAL-Observed Discharge,2021-09-30 08:00:00,62.425,m3/sec,2021
HQ0,MANUAL-Observed Discharge,2021-10-01 08:00:00,62.425,m3/sec,2021
HQ0,MANUAL-Observed Discharge,2021-10-02 08:00:00,62.425,m3/sec,2021
HQ0,MANUAL-Observed Discharge,2021-10-03 08:00:00,62.425,m3/sec,2021
HQ0,MANUAL-Observed Discharge,2021-10-04 08:00:00,62.425,m3/sec,2021
HQ0,MANUAL-Observed Discharge,2021-10-05 08:00:00,62.425,m3/sec,2021
HQ0,MANUAL-Observed Discharge,2021-10-06 08:00:00,83.917,m3/sec,2021
HQ0,MANUAL-Observed Discharge,2021-10-07 08:00:00,83.917,m3/sec,2021
HQ0,MANUAL-Observed Discharge,2021-10-08 08:00:00,83.917,m3/sec,2021
HQ0,MANUAL-Observed Discharge,2021-10-09 08:00:00,110.803,m3/sec,2021
HQ0,MANUAL-Observed Discharge,2021-10-10 08:00:00,110.803,m3/sec,2021
HQ0,MANUAL-Observed Discharge,2021-10-11 08:00:00,110.803,m3/sec,2021
HQ0,MANUAL-Observed Discharge,2021-10-12 08:00:00,110.803,m3/sec,2021
HQ0,MANUAL-Observed Discharge,2021-10-13 08:00:00,110.803,m3/sec,2021
HQ0,MANUAL-Observed Discharge,2021-10-14 08:00:00,110.803,m3/sec,2021
HQ0,MANUAL-Observed Discharge,2021-10-15 08:00:00,110.803,m3/sec,2021
HQ0,MANUAL-Observed Discharge,2021-10-16 08:00:00,110.803,m3/sec,2021
HQ0,MANUAL-Observed Discharge,2021-10-17 08:00:00,110.803,m3/sec,2021
HQ0,MANUAL-Observed Discharge,2021-10-18 08:00:00,110.803,m3/sec,2021
HQ0,MANUAL-Observed Discharge,2021-10-19 08:00:00,110.803,m3/sec,2021
HQ0,MANUAL-Observed Discharge,2021-10-20 08:00:00,110.803,m3/sec,2021
HQ0,MANUAL-Observed Discharge,2021-10-21 08:00:00,110.803,m3/sec,2021
HQ0,MANUAL-Observed Discharge,2021-10-22 08:00:00,144.958,m3/sec,2021
HQ0,MANUAL-Observed Discharge,2021-10-23 08:00:00,144.958,m3/sec,2021
HQ0,MANUAL-Observed Discharge,2021-10-24 08:00:00,144.958,m3/sec,2021
HQ0,MANUAL-Observed Discharge,2021-10-25 08:00:00,144.958,m3/sec,2021
HQ0,MANUAL-Observed Discharge,2021-10-26 08:00:00,144.958,m3/sec,2021
HQ0,MANUAL-Observed Discharge,2021-10-27 08:00:00,144.958,m3/sec,2021
HQ0,MANUAL-Observed Discharge,2021-10-28 08:00:00,144.958,m3/sec,2021
HQ0,MANUAL-Observed Discharge,2021-10-29 08:00:00,144.958,m3/sec,2021
HQ0,MANUAL-Observed Discharge,2021-10-30 08:00:00,144.958,m3/sec,2021
HQ0,MANUAL-Observed Discharge,2021-10-31 08:00:00,144.958,m3/sec,2021
HQ0,MANUAL-Observed Discharge,2021-11-01 08:00:00,144.958,m3/sec,2021
HQ0,MANUAL-Observed Discharge,2021-11-02 08:00:00,144.958,m3/sec,2021
HQ0,MANUAL-Observed Discharge,2021-11-03 08:00:00,144.958,m3/sec,2021
HQ0,MANUAL-Observed Discharge,2021-11-04 08:00:00,183.93,m3/sec,2021
HQ0,MANUAL-Observed Discharge,2021-11-05 08:00:00,183.93,m3/sec,2021
HQ0,MANUAL-Observed Discharge,2021-11-06 08:00:00,183.93,m3/sec,2021
HQ0,MANUAL-Observed Discharge,2021-11-07 08:00:00,183.93,m3/sec,2021
HQ0,MANUAL-Observed Discharge,2021-11-08 08:00:00,183.93,m3/sec,2021
HQ0,MANUAL-Observed Discharge,2021-11-09 08:00:00,183.93,m3/sec,2021
HQ0,MANUAL-Observed Discharge,2021-11-10 08:00:00,183.93,m3/sec,2021
HQ0,MANUAL-Observed Discharge,2021-11-11 08:00:00,183.93,m3/sec,2021
HQ0,MANUAL-Observed Discharge,2021-11-12 08:00:00,183.93,m3/sec,2021
HQ0,MANUAL-Observed Discharge,2021-11-13 08:00:00,183.93,m3/sec,2021
HQ0,MANUAL-Observed Discharge,2021-11-14 08:00:00,183.93,m3/sec,2021
HQ0,MANUAL-Observed Discharge,2021-11-15 08:00:00,183.93,m3/sec,2021
HQ0,MANUAL-Observed Discharge,2021-11-16 08:00:00,224.284,m3/sec,2021
HQ0,MANUAL-Observed Discharge,2021-11-17 08:00:00,224.284,m3/sec,2021
HQ0,MANUAL-Observed Discharge,2021-11-18 08:00:00,224.284,m3/sec,2021
HQ0,MANUAL-Observed Discharge,2021-11-19 08:00:00,224.284,m3/sec,2021
HQ0,MANUAL-Observed Discharge,2021-11-20 08:00:00,224.284,m3/sec,2021
HQ0,MANUAL-Observed Discharge,2021-11-21 08:00:00,224.284,m3/sec,2021
HQ0,MANUAL-Observed Discharge,2021-11-22 08:00:00,224.284,m3/sec,2021
HQ0,MANUAL-Observed Discharge,2021-11-23 08:00:00,224.284,m3/sec,2021
HQ0,MANUAL-Observed Discharge,2021-11-24 08:00:00,224.284,m3/sec,2021
HQ0,MANUAL-Observed Discharge,2021-11-25 08:00:00,144.958,m3/sec,2021
HQ0,MANUAL-Observed Discharge,2021-11-26 08:00:00,144.958,m3/sec,2021
HQ0,MANUAL-Observed Discharge,2021-11-27 08:00:00,144.958,m3/sec,2021
HQ0,MANUAL-Observed Discharge,2021-11-28 08:00:00,144.958,m3/sec,2021
HQ0,MANUAL-Observed Discharge,2021-11-29 08:00:00,110.803,m3/sec,2021
HQ0,MANUAL-Observed Discharge,2021-11-30 08:00:00,110.803,m3/sec,2021
HQ0,MANUAL-Observed Discharge,2021-12-01 08:00:00,110.803,m3/sec,2021
HQ0,MANUAL-Observed Discharge,2021-12-02 08:00:00,110.803,m3/sec,2021
HQ0,MANUAL-Observed Discharge,2021-12-03 08:00:00,110.803,m3/sec,2021
HQ0,MANUAL-Observed Discharge,2021-12-04 08:00:00,110.803,m3/sec,2021
HQ0,MANUAL-Observed Discharge,2021-12-05 08:00:00,110.803,m3/sec,2021
HQ0,MANUAL-Observed Discharge,2021-12-06 08:00:00,62.425,m3/sec,2021
HQ0,MANUAL-Observed Discharge,2021-12-07 08:00:00,62.425,m3/sec,2021
HQ0,MANUAL-Observed Discharge,2021-12-08 08:00:00,31.353,m3/sec,2021
HQ0,MANUAL-Observed Discharge,2021-12-09 08:00:00,21.2,m3/sec,2021
HQ0,MANUAL-Observed Discharge,2021-12-10 08:00:00,13.867,m3/sec,2021
HQ0,MANUAL-Observed Discharge,2021-12-11 08:00:00,4.911,m3/sec,2021
HQ0,MANUAL-Observed Discharge,2021-12-12 08:00:00,3.291,m3/sec,2021
HQ0,MANUAL-Observed Discharge,2021-12-13 08:00:00,2.528,m3/sec,2021
HQ0,MANUAL-Observed Discharge,2021-12-14 08:00:00,0.052,m3/sec,2021
HQ0,MANUAL-Observed Discharge,2021-12-15 08:00:00,0.052,m3/sec,2021
HQ0,MANUAL-Observed Discharge,2021-12-16 08:00:00,0.052,m3/sec,2021
HQ0,MANUAL-Observed Discharge,2021-12-17 08:00:00,0.052,m3/sec,2021
HQ0,MANUAL-Observed Discharge,2021-12-18 08:00:00,0.052,m3/sec,2021
HQ0,MANUAL-Observed Discharge,2021-12-19 08:00:00,0.052,m3/sec,2021
HQ0,MANUAL-Observed Discharge,2022-09-08 08:00:00,1.985,m3/sec,2022
HQ0,MANUAL-Observed Discharge,2022-09-09 08:00:00,1.985,m3/sec,2022
HQ0,MANUAL-Observed Discharge,2022-09-10 08:00:00,1.985,m3/sec,2022
HQ0,MANUAL-Observed Discharge,2022-09-11 08:00:00,1.985,m3/sec,2022
HQ0,MANUAL-Observed Discharge,2022-09-12 08:00:00,1.985,m3/sec,2022
HQ0,MANUAL-Observed Discharge,2022-09-13 08:00:00,1.985,m3/sec,2022
HQ0,MANUAL-Observed Discharge,2022-09-14 08:00:00,1.985,m3/sec,2022
HQ0,MANUAL-Observed Discharge,2022-09-15 08:00:00,1.985,m3/sec,2022
HQ0,MANUAL-Observed Discharge,2022-09-16 08:00:00,1.985,m3/sec,2022
HQ0,MANUAL-Observed Discharge,2022-09-17 08:00:00,1.985,m3/sec,2022
HQ0,MANUAL-Observed Discharge,2022-09-18 08:00:00,1.985,m3/sec,2022
HQ0,MANUAL-Observed Discharge,2022-09-19 08:00:00,1.985,m3/sec,2022
HQ0,MANUAL-Observed Discharge,2022-09-20 08:00:00,1.985,m3/sec,2022
HQ0,MANUAL-Observed Discharge,2022-09-21 08:00:00,1.985,m3/sec,2022
HQ0,MANUAL-Observed Discharge,2022-09-22 08:00:00,1.985,m3/sec,2022
HQ0,MANUAL-Observed Discharge,2022-09-23 08:00:00,1.985,m3/sec,2022
HQ0,MANUAL-Observed Discharge,2022-09-24 08:00:00,1.985,m3/sec,2022
HQ0,MANUAL-Observed Discharge,2022-09-25 08:00:00,1.985,m3/sec,2022
HQ0,MANUAL-Observed Discharge,2022-09-26 08:00:00,1.985,m3/sec,2022
HQ0,MANUAL-Observed Discharge,2022-09-27 08:00:00,1.985,m3/sec,2022
HQ0,MANUAL-Observed Discharge,2022-09-28 08:00:00,1.985,m3/sec,2022
HQ0,MANUAL-Observed Discharge,2022-09-29 08:00:00,1.985,m3/sec,2022
HQ0,MANUAL-Observed Discharge,2022-09-30 08:00:00,1.985,m3/sec,2022
HQ0,MANUAL-Observed Discharge,2022-10-01 08:00:00,1.985,m3/sec,2022
HQ0,MANUAL-Observed Discharge,2022-10-02 08:00:00,1.985,m3/sec,2022
HQ0,MANUAL-Observed Discharge,2022-10-03 08:00:00,1.985,m3/sec,2022
HQ0,MANUAL-Observed Discharge,2022-10-04 08:00:00,2.528,m3/sec,2022
HQ0,MANUAL-Observed Discharge,2022-10-05 08:00:00,2.528,m3/sec,2022
HQ0,MANUAL-Observed Discharge,2022-10-06 08:00:00,2.528,m3/sec,2022
HQ0,MANUAL-Observed Discharge,2022-10-07 08:00:00,2.528,m3/sec,2022
HQ0,MANUAL-Observed Discharge,2022-10-08 08:00:00,2.528,m3/sec,2022
HQ0,MANUAL-Observed Discharge,2022-10-09 08:00:00,2.528,m3/sec,2022
HQ0,MANUAL-Observed Discharge,2022-10-10 08:00:00,2.528,m3/sec,2022
HQ0,MANUAL-Observed Discharge,2022-10-11 08:00:00,2.528,m3/sec,2022
HQ0,MANUAL-Observed Discharge,2022-10-12 08:00:00,2.528,m3/sec,2022
HQ0,MANUAL-Observed Discharge,2022-10-13 08:00:00,2.528,m3/sec,2022
HQ0,MANUAL-Observed Discharge,2022-10-14 08:00:00,2.528,m3/sec,2022
HQ0,MANUAL-Observed Discharge,2022-10-15 08:00:00,3.291,m3/sec,2022
HQ0,MANUAL-Observed Discharge,2022-10-16 08:00:00,3.291,m3/sec,2022
HQ0,MANUAL-Observed Discharge,2022-10-17 08:00:00,3.291,m3/sec,2022
HQ0,MANUAL-Observed Discharge,2022-10-18 08:00:00,3.291,m3/sec,2022
HQ0,MANUAL-Observed Discharge,2022-10-19 08:00:00,3.291,m3/sec,2022
HQ0,MANUAL-Observed Discharge,2022-10-20 08:00:00,3.291,m3/sec,2022
HQ0,MANUAL-Observed Discharge,2022-10-21 08:00:00,4.911,m3/sec,2022
HQ0,MANUAL-Observed Discharge,2022-10-22 08:00:00,4.911,m3/sec,2022
HQ0,MANUAL-Observed Discharge,2022-10-23 08:00:00,4.911,m3/sec,2022
HQ0,MANUAL-Observed Discharge,2022-10-24 08:00:00,4.911,m3/sec,2022
HQ0,MANUAL-Observed Discharge,2022-10-25 08:00:00,4.911,m3/sec,2022
HQ0,MANUAL-Observed Discharge,2022-10-26 08:00:00,7.288,m3/sec,2022
HQ0,MANUAL-Observed Discharge,2022-10-27 08:00:00,7.288,m3/sec,2022
HQ0,MANUAL-Observed Discharge,2022-10-28 08:00:00,7.288,m3/sec,2022
HQ0,MANUAL-Observed Discharge,2022-10-29 08:00:00,7.288,m3/sec,2022
HQ0,MANUAL-Observed Discharge,2022-10-30 08:00:00,7.288,m3/sec,2022
HQ0,MANUAL-Observed Discharge,2022-10-31 08:00:00,13.867,m3/sec,2022
HQ0,MANUAL-Observed Discharge,2022-11-01 08:00:00,21.2,m3/sec,2022
HQ0,MANUAL-Observed Discharge,2022-11-02 08:00:00,21.2,m3/sec,2022
HQ0,MANUAL-Observed Discharge,2022-11-03 08:00:00,21.2,m3/sec,2022
HQ0,MANUAL-Observed Discharge,2022-11-04 08:00:00,21.2,m3/sec,2022
HQ0,MANUAL-Observed Discharge,2022-11-05 08:00:00,21.2,m3/sec,2022
HQ0,MANUAL-Observed Discharge,2022-11-06 08:00:00,21.2,m3/sec,2022
HQ0,MANUAL-Observed Discharge,2022-11-07 08:00:00,21.2,m3/sec,2022
HQ0,MANUAL-Observed Discharge,2022-11-08 08:00:00,21.2,m3/sec,2022
HQ0,MANUAL-Observed Discharge,2022-11-09 08:00:00,21.2,m3/sec,2022
HQ0,MANUAL-Observed Discharge,2022-11-10 08:00:00,21.2,m3/sec,2022
HQ0,MANUAL-Observed Discharge,2022-11-11 08:00:00,21.2,m3/sec,2022
HQ0,MANUAL-Observed Discharge,2022-11-12 08:00:00,21.2,m3/sec,2022
HQ0,MANUAL-Observed Discharge,2022-11-13 08:00:00,21.2,m3/sec,2022
HQ0,MANUAL-Observed Discharge,2022-11-14 08:00:00,21.2,m3/sec,2022
HQ0,MANUAL-Observed Discharge,2022-11-15 08:00:00,21.2,m3/sec,2022
HQ0,MANUAL-Observed Discharge,2022-11-16 08:00:00,21.2,m3/sec,2022
HQ0,MANUAL-Observed Discharge,2022-11-17 08:00:00,21.2,m3/sec,2022
HQ0,MANUAL-Observed Discharge,2022-11-18 08:00:00,21.2,m3/sec,2022
HQ0,MANUAL-Observed Discharge,2022-11-19 08:00:00,13.867,m3/sec,2022
HQ0,MANUAL-Observed Discharge,2022-11-20 08:00:00,13.867,m3/sec,2022
HQ0,MANUAL-Observed Discharge,2022-11-21 08:00:00,13.867,m3/sec,2022
HQ0,MANUAL-Observed Discharge,2022-11-22 08:00:00,13.867,m3/sec,2022
HQ0,MANUAL-Observed Discharge,2022-11-23 08:00:00,13.867,m3/sec,2022
HQ0,MANUAL-Observed Discharge,2022-11-24 08:00:00,13.867,m3/sec,2022
HQ0,MANUAL-Observed Discharge,2022-11-25 08:00:00,13.867,m3/sec,2022
HQ0,MANUAL-Observed Discharge,2022-11-26 08:00:00,13.867,m3/sec,2022
HQ0,MANUAL-Observed Discharge,2022-11-27 08:00:00,13.867,m3/sec,2022
HQ0,MANUAL-Observed Discharge,2022-11-28 08:00:00,13.867,m3/sec,2022
HQ0,MANUAL-Observed Discharge,2022-11-29 08:00:00,13.867,m3/sec,2022
HQ0,MANUAL-Observed Discharge,2022-11-30 08:00:00,7.288,m3/sec,2022
HQ0,MANUAL-Observed Discharge,2022-12-01 08:00:00,7.288,m3/sec,2022
HQ0,MANUAL-Observed Discharge,2022-12-02 08:00:00,7.288,m3/sec,2022
HQ0,MANUAL-Observed Discharge,2022-12-03 08:00:00,7.288,m3/sec,2022
HQ0,MANUAL-Observed Discharge,2022-12-04 08:00:00,7.288,m3/sec,2022
HQ0,MANUAL-Observed Discharge,2022-12-05 08:00:00,7.288,m3/sec,2022
HQ0,MANUAL-Observed Discharge,2022-12-06 08:00:00,7.288,m3/sec,2022
HQ0,MANUAL-Observed Discharge,2022-12-07 08:00:00,7.288,m3/sec,2022
HQ0,MANUAL-Observed Discharge,2022-12-08 08:00:00,7.288,m3/sec,2022
HQ0,MANUAL-Observed Discharge,2022-12-09 08:00:00,7.288,m3/sec,2022
HQ0,MANUAL-Observed Discharge,2022-12-10 08:00:00,7.288,m3/sec,2022
HQ0,MANUAL-Observed Discharge,2022-12-11 08:00:00,4.911,m3/sec,2022
HQ0,MANUAL-Observed Discharge,2022-12-12 08:00:00,4.911,m3/sec,2022
HQ0,MANUAL-Observed Discharge,2022-12-13 08:00:00,4.911,m3/sec,2022
HQ0,MANUAL-Observed Discharge,2022-12-14 08:00:00,4.911,m3/sec,2022
HQ0,MANUAL-Observed Discharge,2022-12-15 08:00:00,4.911,m3/sec,2022
HQ0,MANUAL-Observed Discharge,2022-12-16 08:00:00,4.911,m3/sec,2022
HQ0,MANUAL-Observed Discharge,2022-12-17 08:00:00,4.911,m3/sec,2022
HQ0,MANUAL-Observed Discharge,2022-12-18 08:00:00,4.911,m3/sec,2022
HQ0,MANUAL-Observed Discharge,2022-12-19 08:00:00,4.911,m3/sec,2022
HQ0,MANUAL-Observed Discharge,2022-12-20 08:00:00,4.911,m3/sec,2022
HQ0,MANUAL-Observed Discharge,2022-12-21 08:00:00,3.291,m3/sec,2022
HQ0,MANUAL-Observed Discharge,2022-12-22 08:00:00,3.291,m3/sec,2022
HQ0,MANUAL-Observed Discharge,2022-12-23 08:00:00,3.291,m3/sec,2022
HQ0,MANUAL-Observed Discharge,2022-12-24 08:00:00,3.291,m3/sec,2022
HQ0,MANUAL-Observed Discharge,2022-12-25 08:00:00,3.291,m3/sec,2022
HQ0,MANUAL-Observed Discharge,2022-12-26 08:00:00,3.291,m3/sec,2022
HQ0,MANUAL-Observed Discharge,2022-12-27 08:00:00,1.985,m3/sec,2022
HQ0,MANUAL-Observed Discharge,2022-12-28 08:00:00,1.985,m3/sec,2022
HQ0,MANUAL-Observed Discharge,2022-12-29 08:00:00,1.985,m3/sec,2022
HQ0,MANUAL-Observed Discharge,2022-12-30 08:00:00,1.985,m3/sec,2022
HQ0,MANUAL-Observed Discharge,2022-12-31 08:00:00,0.052,m3/sec,2022
HQ0,MANUAL-Observed Discharge,2023-01-01 08:00:00,0.052,m3/sec,2023
HQ0,MANUAL-Observed Discharge,2023-01-02 08:00:00,0.052,m3/sec,2023
HQ0,MANUAL-Observed Discharge,2023-01-03 08:00:00,0.052,m3/sec,2023
HQ0,MANUAL-Observed Discharge,2023-01-04 08:00:00,0.052,m3/sec,2023
HQ0,MANUAL-Observed Discharge,2023-01-05 08:00:00,0.052,m3/sec,2023
HQ0,MANUAL-Observed Discharge,2023-01-06 08:00:00,0.052,m3/sec,2023
HQ0,MANUAL-Observed Discharge,2023-01-07 08:00:00,0.052,m3/sec,2023
HQ0,MANUAL-Observed Discharge,2023-01-08 08:00:00,0.052,m3/sec,2023
HQ0,MANUAL-Observed Discharge,2023-01-09 08:00:00,0.052,m3/sec,2023
HQ0,MANUAL-Observed Discharge,2023-01-10 08:00:00,0.052,m3/sec,2023
HQ0,MANUAL-Observed Discharge,2023-01-11 08:00:00,0.052,m3/sec,2023
HQ0,MANUAL-Observed Discharge,2023-01-12 08:00:00,0.052,m3/sec,2023
HQ0,MANUAL-Observed Discharge,2023-01-13 08:00:00,0.052,m3/sec,2023
HQ0,MANUAL-Observed Discharge,2023-01-14 08:00:00,0.052,m3/sec,2023
HQ0,MANUAL-Observed Discharge,2023-01-15 08:00:00,0.052,m3/sec,2023
HQ0,MANUAL-Observed Discharge,2023-01-16 08:00:00,0.052,m3/sec,2023
HQ0,MANUAL-Observed Discharge,2023-01-17 08:00:00,0.052,m3/sec,2023
HQ0,MANUAL-Observed Discharge,2023-01-18 08:00:00,0.052,m3/sec,2023
HQ0,MANUAL-Observed Discharge,2023-01-19 08:00:00,0.052,m3/sec,2023
HQ0,MANUAL-Observed Discharge,2023-09-08 08:00:00,0.052,m3/sec,2023
HQ0,MANUAL-Observed Discharge,2023-09-09 08:00:00,0.052,m3/sec,2023
HQ0,MANUAL-Observed Discharge,2023-09-10 08:00:00,0.052,m3/sec,2023
HQ0,MANUAL-Observed Discharge,2023-09-11 08:00:00,0.052,m3/sec,2023
HQ0,MANUAL-Observed Discharge,2023-09-12 08:00:00,1.985,m3/sec,2023
HQ0,MANUAL-Observed Discharge,2023-09-13 08:00:00,1.985,m3/sec,2023
HQ0,MANUAL-Observed Discharge,2023-09-14 08:00:00,1.985,m3/sec,2023
HQ0,MANUAL-Observed Discharge,2023-09-15 08:00:00,1.985,m3/sec,2023
HQ0,MANUAL-Observed Discharge,2023-09-16 08:00:00,1.985,m3/sec,2023
HQ0,MANUAL-Observed Discharge,2023-09-17 08:00:00,1.985,m3/sec,2023
HQ0,MANUAL-Observed Discharge,2023-09-18 08:00:00,1.985,m3/sec,2023
HQ0,MANUAL-Observed Discharge,2023-09-19 08:00:00,1.985,m3/sec,2023
HQ0,MANUAL-Observed Discharge,2023-09-20 08:00:00,1.985,m3/sec,2023
HQ0,MANUAL-Observed Discharge,2023-09-21 08:00:00,1.985,m3/sec,2023
HQ0,MANUAL-Observed Discharge,2023-09-22 08:00:00,1.985,m3/sec,2023
HQ0,MANUAL-Observed Discharge,2023-09-23 08:00:00,1.985,m3/sec,2023
HQ0,MANUAL-Observed Discharge,2023-09-24 08:00:00,1.985,m3/sec,2023
HQ0,MANUAL-Observed Discharge,2023-09-25 08:00:00,2.528,m3/sec,2023
HQ0,MANUAL-Observed Discharge,2023-09-26 08:00:00,2.528,m3/sec,2023
HQ0,MANUAL-Observed Discharge,2023-09-27 08:00:00,2.528,m3/sec,2023
HQ0,MANUAL-Observed Discharge,2023-09-28 08:00:00,2.528,m3/sec,2023
HQ0,MANUAL-Observed Discharge,2023-09-29 08:00:00,2.528,m3/sec,2023
HQ0,MANUAL-Observed Discharge,2023-09-30 08:00:00,3.291,m3/sec,2023
HQ0,MANUAL-Observed Discharge,2023-10-01 08:00:00,3.291,m3/sec,2023
HQ0,MANUAL-Observed Discharge,2023-10-02 08:00:00,2.528,m3/sec,2023
HQ0,MANUAL-Observed Discharge,2023-10-03 08:00:00,2.528,m3/sec,2023
HQ0,MANUAL-Observed Discharge,2023-10-04 08:00:00,2.528,m3/sec,2023
HQ0,MANUAL-Observed Discharge,2023-10-05 08:00:00,2.528,m3/sec,2023
HQ0,MANUAL-Observed Discharge,2023-10-06 08:00:00,2.528,m3/sec,2023
HQ0,MANUAL-Observed Discharge,2023-10-07 08:00:00,2.528,m3/sec,2023
HQ0,MANUAL-Observed Discharge,2023-10-08 08:00:00,2.528,m3/sec,2023
HQ0,MANUAL-Observed Discharge,2023-10-09 08:00:00,2.528,m3/sec,2023
HQ0,MANUAL-Observed Discharge,2023-10-10 08:00:00,2.528,m3/sec,2023
HQ0,MANUAL-Observed Discharge,2023-10-11 08:00:00,2.528,m3/sec,2023
HQ0,MANUAL-Observed Discharge,2023-10-12 08:00:00,2.528,m3/sec,2023
HQ0,MANUAL-Observed Discharge,2023-10-13 08:00:00,2.528,m3/sec,2023
HQ0,MANUAL-Observed Discharge,2023-10-14 08:00:00,2.528,m3/sec,2023
HQ0,MANUAL-Observed Discharge,2023-10-15 08:00:00,2.528,m3/sec,2023
HQ0,MANUAL-Observed Discharge,2023-10-16 08:00:00,2.528,m3/sec,2023
HQ0,MANUAL-Observed Discharge,2023-10-17 08:00:00,2.528,m3/sec,2023
HQ0,MANUAL-Observed Discharge,2023-10-18 08:00:00,1.985,m3/sec,2023
HQ0,MANUAL-Observed Discharge,2023-10-19 08:00:00,1.985,m3/sec,2023
HQ0,MANUAL-Observed Discharge,2023-10-20 08:00:00,1.985,m3/sec,2023
HQ0,MANUAL-Observed Discharge,2023-10-21 08:00:00,1.985,m3/sec,2023
HQ0,MANUAL-Observed Discharge,2023-10-22 08:00:00,1.985,m3/sec,2023
HQ0,MANUAL-Observed Discharge,2023-10-23 08:00:00,1.985,m3/sec,2023
HQ0,MANUAL-Observed Discharge,2023-10-24 08:00:00,1.985,m3/sec,2023
HQ0,MANUAL-Observed Discharge,2023-10-25 08:00:00,1.985,m3/sec,2023
HQ0,MANUAL-Observed Discharge,2023-10-26 08:00:00,1.985,m3/sec,2023
HQ0,MANUAL-Observed Discharge,2023-10-27 08:00:00,1.985,m3/sec,2023
HQ0,MANUAL-Observed Discharge,2023-10-28 08:00:00,1.985,m3/sec,2023
HQ0,MANUAL-Observed Discharge,2023-10-29 08:00:00,1.985,m3/sec,2023
HQ0,MANUAL-Observed Discharge,2023-10-30 08:00:00,1.985,m3/sec,2023
HQ0,MANUAL-Observed Discharge,2023-10-31 08:00:00,2.528,m3/sec,2023
HQ0,MANUAL-Observed Discharge,2023-11-01 08:00:00,2.528,m3/sec,2023
HQ0,MANUAL-Observed Discharge,2023-11-02 08:00:00,2.528,m3/sec,2023
HQ0,MANUAL-Observed Discharge,2023-11-03 08:00:00,2.528,m3/sec,2023
HQ0,MANUAL-Observed Discharge,2023-11-04 08:00:00,2.528,m3/sec,2023
HQ0,MANUAL-Observed Discharge,2023-11-05 08:00:00,2.528,m3/sec,2023
HQ0,MANUAL-Observed Discharge,2023-11-06 08:00:00,2.528,m3/sec,2023
HQ0,MANUAL-Observed Discharge,2023-11-07 08:00:00,2.528,m3/sec,2023
HQ0,MANUAL-Observed Discharge,2023-11-08 08:00:00,2.528,m3/sec,2023
HQ0,MANUAL-Observed Discharge,2023-11-09 08:00:00,3.291,m3/sec,2023
HQ0,MANUAL-Observed Discharge,2023-11-10 08:00:00,3.291,m3/sec,2023
HQ0,MANUAL-Observed Discharge,2023-11-11 08:00:00,3.291,m3/sec,2023
HQ0,MANUAL-Observed Discharge,2023-11-12 08:00:00,3.291,m3/sec,2023
HQ0,MANUAL-Observed Discharge,2023-11-13 08:00:00,3.291,m3/sec,2023
HQ0,MANUAL-Observed Discharge,2023-11-14 08:00:00,3.291,m3/sec,2023
HQ0,MANUAL-Observed Discharge,2023-11-15 08:00:00,3.291,m3/sec,2023
HQ0,MANUAL-Observed Discharge,2023-11-16 08:00:00,3.291,m3/sec,2023
HQ0,MANUAL-Observed Discharge,2023-11-17 08:00:00,3.291,m3/sec,2023
HQ0,MANUAL-Observed Discharge,2023-11-18 08:00:00,3.291,m3/sec,2023
HQ0,MANUAL-Observed Discharge,2023-11-19 08:00:00,3.291,m3/sec,2023
HQ0,MANUAL-Observed Discharge,2023-11-20 08:00:00,3.291,m3/sec,2023
HQ0,MANUAL-Observed Discharge,2023-11-21 08:00:00,3.291,m3/sec,2023
HQ0,MANUAL-Observed Discharge,2023-11-22 08:00:00,3.291,m3/sec,2023
HQ0,MANUAL-Observed Discharge,2023-11-23 08:00:00,4.911,m3/sec,2023
HQ0,MANUAL-Observed Discharge,2023-11-24 08:00:00,4.911,m3/sec,2023
HQ0,MANUAL-Observed Discharge,2023-11-25 08:00:00,4.911,m3/sec,2023
HQ0,MANUAL-Observed Discharge,2023-11-26 08:00:00,4.911,m3/sec,2023
HQ0,MANUAL-Observed Discharge,2023-11-27 08:00:00,4.911,m3/sec,2023
HQ0,MANUAL-Observed Discharge,2023-11-28 08:00:00,4.911,m3/sec,2023
HQ0,MANUAL-Observed Discharge,2023-11-29 08:00:00,4.911,m3/sec,2023
HQ0,MANUAL-Observed Discharge,2023-11-30 08:00:00,4.911,m3/sec,2023
HQ0,MANUAL-Observed Discharge,2023-12-01 08:00:00,4.911,m3/sec,2023
HQ0,MANUAL-Observed Discharge,2023-12-02 08:00:00,4.911,m3/sec,2023
HQ0,MANUAL-Observed Discharge,2023-12-03 08:00:00,4.911,m3/sec,2023
HQ0,MANUAL-Observed Discharge,2023-12-04 08:00:00,7.288,m3/sec,2023
HQ0,MANUAL-Observed Discharge,2023-12-05 08:00:00,7.288,m3/sec,2023
HQ0,MANUAL-Observed Discharge,2023-12-06 08:00:00,7.288,m3/sec,2023
HQ0,MANUAL-Observed Discharge,2023-12-07 08:00:00,7.288,m3/sec,2023
HQ0,MANUAL-Observed Discharge,2023-12-08 08:00:00,7.288,m3/sec,2023
HQ0,MANUAL-Observed Discharge,2023-12-09 08:00:00,7.288,m3/sec,2023
HQ0,MANUAL-Observed Discharge,2023-12-10 08:00:00,7.288,m3/sec,2023
HQ0,MANUAL-Observed Discharge,2023-12-11 08:00:00,7.288,m3/sec,2023
HQ0,MANUAL-Observed Discharge,2023-12-12 08:00:00,7.288,m3/sec,2023
HQ0,MANUAL-Observed Discharge,2023-12-13 08:00:00,4.911,m3/sec,2023
HQ0,MANUAL-Observed Discharge,2023-12-14 08:00:00,4.911,m3/sec,2023
HQ0,MANUAL-Observed Discharge,2023-12-15 08:00:00,4.911,m3/sec,2023
HQ0,MANUAL-Observed Discharge,2023-12-16 08:00:00,4.911,m3/sec,2023
HQ0,MANUAL-Observed Discharge,2023-12-17 08:00:00,4.911,m3/sec,2023
HQ0,MANUAL-Observed Discharge,2023-12-18 08:00:00,4.911,m3/sec,2023
HQ0,MANUAL-Observed Discharge,2023-12-19 08:00:00,4.911,m3/sec,2023
HQ0,MANUAL-Observed Discharge,2023-12-20 08:00:00,4.911,m3/sec,2023
HQ0,MANUAL-Observed Discharge,2023-12-21 08:00:00,4.911,m3/sec,2023
HQ0,MANUAL-Observed Discharge,2023-12-22 08:00:00,4.911,m3/sec,2023
HQ0,MANUAL-Observed Discharge,2023-12-23 08:00:00,4.911,m3/sec,2023
HQ0,MANUAL-Observed Discharge,2023-12-24 08:00:00,4.911,m3/sec,2023
HQ0,MANUAL-Observed Discharge,2023-12-25 08:00:00,4.911,m3/sec,2023
HQ0,MANUAL-Observed Discharge,2023-12-26 08:00:00,3.291,m3/sec,2023
HQ0,MANUAL-Observed Discharge,2023-12-27 08:00:00,3.291,m3/sec,2023
HQ0,MANUAL-Observed Discharge,2023-12-28 08:00:00,3.291,m3/sec,2023
HQ0,MANUAL-Observed Discharge,2023-12-29 08:00:00,3.291,m3/sec,2023
HQ0,MANUAL-Observed Discharge,2023-12-30 08:00:00,2.528,m3/sec,2023
HQ0,MANUAL-Observed Discharge,2023-12-31 08:00:00,2.528,m3/sec,2023
HQ0,MANUAL-Observed Discharge,2024-01-01 08:00:00,1.985,m3/sec,2024
HQ0,MANUAL-Observed Discharge,2024-01-02 08:00:00,1.985,m3/sec,2024
HQ0,MANUAL-Observed Discharge,2024-01-03 08:00:00,1.985,m3/sec,2024
HQ0,MANUAL-Observed Discharge,2024-01-04 08:00:00,1.985,m3/sec,2024
HQ0,MANUAL-Observed Discharge,2024-01-05 08:00:00,1.985,m3/sec,2024
HQ0,MANUAL-Observed Discharge,2024-01-06 08:00:00,1.985,m3/sec,2024
HQ0,MANUAL-Observed Discharge,2024-01-07 08:00:00,1.985,m3/sec,2024
HQ0,MANUAL-Observed Discharge,2024-01-08 08:00:00,0.052,m3/sec,2024
HQ0,MANUAL-Observed Discharge,2024-01-09 08:00:00,0.052,m3/sec,2024
HQ0,MANUAL-Observed Discharge,2024-01-10 08:00:00,0.052,m3/sec,2024
HQ0,MANUAL-Observed Discharge,2024-01-11 08:00:00,0.052,m3/sec,2024
QOB,MANUAL-Observed Discharge 3,2015-11-15 08:00:00,572.717,m3/sec,2015
QOB,MANUAL-Observed Discharge 3,2015-11-16 08:00:00,280.29,m3/sec,2015
QOB,MANUAL-Observed Discharge 3,2015-11-17 08:00:00,129.712,m3/sec,2015
QOB,MANUAL-Observed Discharge 3,2015-11-18 08:00:00,160.309,m3/sec,2015
QOB,MANUAL-Observed Discharge 3,2015-11-19 08:00:00,116.714,m3/sec,2015
QOB,MANUAL-Observed Discharge 3,2015-11-20 08:00:00,108.395,m3/sec,2015
QOB,MANUAL-Observed Discharge 3,2015-11-21 08:00:00,81.493,m3/sec,2015
QOB,MANUAL-Observed Discharge 3,2015-11-22 08:00:00,412.968,m3/sec,2015
QOB,MANUAL-Observed Discharge 3,2015-11-23 08:00:00,140.889,m3/sec,2015
QOB,MANUAL-Observed Discharge 3,2015-11-24 08:00:00,70.898,m3/sec,2015
QOB,MANUAL-Observed Discharge 3,2015-11-25 08:00:00,64.952,m3/sec,2015
QOB,MANUAL-Observed Discharge 3,2015-11-26 08:00:00,30.896,m3/sec,2015
QOB,MANUAL-Observed Discharge 3,2015-11-27 08:00:00,26.506,m3/sec,2015
QOB,MANUAL-Observed Discharge 3,2015-11-28 08:00:00,22.66,m3/sec,2015
QOB,MANUAL-Observed Discharge 3,2015-11-29 08:00:00,9.89,m3/sec,2015
QOB,MANUAL-Observed Discharge 3,2015-11-30 08:00:00,30.896,m3/sec,2015
QOB,MANUAL-Observed Discharge 3,2015-12-01 08:00:00,53.814,m3/sec,2015
QOB,MANUAL-Observed Discharge 3,2015-12-02 08:00:00,29.015,m3/sec,2015
QOB,MANUAL-Observed Discharge 3,2015-12-03 08:00:00,15.078,m3/sec,2015
QOB,MANUAL-Observed Discharge 3,2015-12-04 08:00:00,12.217,m3/sec,2015
QOB,MANUAL-Observed Discharge 3,2015-12-05 08:00:00,8.753,m3/sec,2015
QOB,MANUAL-Observed Discharge 3,2017-10-09 08:00:00,99.711,m3/sec,2017
QOB,MANUAL-Observed Discharge 3,2017-10-10 08:00:00,89.31,m3/sec,2017
QOB,MANUAL-Observed Discharge 3,2017-10-11 08:00:00,49.895,m3/sec,2017
QOB,MANUAL-Observed Discharge 3,2017-10-12 08:00:00,19.012,m3/sec,2017
QOB,MANUAL-Observed Discharge 3,2017-10-13 08:00:00,13.924,m3/sec,2017
QOB,MANUAL-Observed Discharge 3,2017-10-14 08:00:00,9.939,m3/sec,2017
QOB,MANUAL-Observed Discharge 3,2017-10-15 08:00:00,39.357,m3/sec,2017
QOB,MANUAL-Observed Discharge 3,2017-10-16 08:00:00,49.895,m3/sec,2017
QOB,MANUAL-Observed Discharge 3,2017-10-17 08:00:00,8.525,m3/sec,2017
QOB,MANUAL-Observed Discharge 3,2017-10-21 08:00:00,5.014,m3/sec,2017
QOB,MANUAL-Observed Discharge 3,2017-10-23 08:00:00,5.73,m3/sec,2017
QOB,MANUAL-Observed Discharge 3,2017-10-26 08:00:00,14.827,m3/sec,2017
QOB,MANUAL-Observed Discharge 3,2017-10-31 08:00:00,13.924,m3/sec,2017
QOB,MANUAL-Observed Discharge 3,2019-09-20 08:00:00,3.298,m3/sec,2019
QOB,MANUAL-Observed Discharge 3,2019-09-21 08:00:00,9.144,m3/sec,2019
QOB,MANUAL-Observed Discharge 3,2019-09-22 08:00:00,12.851,m3/sec,2019
QOB,MANUAL-Observed Discharge 3,2019-09-23 08:00:00,19.752,m3/sec,2019
QOB,MANUAL-Observed Discharge 3,2019-09-24 08:00:00,19.752,m3/sec,2019
QOB,MANUAL-Observed Discharge 3,2019-09-25 08:00:00,13.54,m3/sec,2019
QOB,MANUAL-Observed Discharge 3,2019-09-26 08:00:00,7.092,m3/sec,2019
QOB,MANUAL-Observed Discharge 3,2019-09-27 08:00:00,7.092,m3/sec,2019
QOB,MANUAL-Observed Discharge 3,2019-09-28 08:00:00,7.092,m3/sec,2019
QOB,MANUAL-Observed Discharge 3,2019-09-29 08:00:00,6.369,m3/sec,2019
QOB,MANUAL-Observed Discharge 3,2019-09-30 08:00:00,6.369,m3/sec,2019
QOB,MANUAL-Observed Discharge 3,2019-10-01 08:00:00,4.593,m3/sec,2019
QOB,MANUAL-Observed Discharge 3,2019-10-02 08:00:00,4.304,m3/sec,2019
QOB,MANUAL-Observed Discharge 3,2019-10-03 08:00:00,4.304,m3/sec,2019
QOB,MANUAL-Observed Discharge 3,2019-10-04 08:00:00,3.87,m3/sec,2019
QOB,MANUAL-Observed Discharge 3,2019-10-05 08:00:00,3.87,m3/sec,2019
QOB,MANUAL-Observed Discharge 3,2019-10-06 08:00:00,3.155,m3/sec,2019
QOB,MANUAL-Observed Discharge 3,2019-10-07 08:00:00,2.881,m3/sec,2019
QOB,MANUAL-Observed Discharge 3,2019-10-08 08:00:00,2.881,m3/sec,2019
QOB,MANUAL-Observed Discharge 3,2019-10-09 08:00:00,2.881,m3/sec,2019
QOB,MANUAL-Observed Discharge 3,2019-10-10 08:00:00,2.881,m3/sec,2019
QOB,MANUAL-Observed Discharge 3,2019-10-11 08:00:00,2.881,m3/sec,2019
QOB,MANUAL-Observed Discharge 3,2019-10-12 08:00:00,2.881,m3/sec,2019
QOB,MANUAL-Observed Discharge 3,2019-10-13 08:00:00,2.881,m3/sec,2019
QOB,MANUAL-Observed Discharge 3,2019-10-14 08:00:00,2.881,m3/sec,2019
QOB,MANUAL-Observed Discharge 3,2019-10-15 08:00:00,2.881,m3/sec,2019
QOB,MANUAL-Observed Discharge 3,2019-10-16 08:00:00,2.881,m3/sec,2019
QOB,MANUAL-Observed Discharge 3,2019-10-17 08:00:00,2.881,m3/sec,2019
QOB,MANUAL-Observed Discharge 3,2019-10-18 08:00:00,2.881,m3/sec,2019
QOB,MANUAL-Observed Discharge 3,2019-10-19 08:00:00,2.881,m3/sec,2019
QOB,MANUAL-Observed Discharge 3,2019-10-20 08:00:00,2.881,m3/sec,2019
QOB,MANUAL-Observed Discharge 3,2019-10-21 08:00:00,2.881,m3/sec,2019
QOB,MANUAL-Observed Discharge 3,2019-10-22 08:00:00,2.881,m3/sec,2019
QOB,MANUAL-Observed Discharge 3,2019-10-23 08:00:00,2.881,m3/sec,2019
QOB,MANUAL-Observed Discharge 3,2019-10-24 08:00:00,2.881,m3/sec,2019
QOB,MANUAL-Observed Discharge 3,2019-10-25 08:00:00,2.881,m3/sec,2019
QOB,MANUAL-Observed Discharge 3,2019-10-26 08:00:00,2.881,m3/sec,2019
QOB,MANUAL-Observed Discharge 3,2019-10-27 08:00:00,2.881,m3/sec,2019
QOB,MANUAL-Observed Discharge 3,2019-10-28 08:00:00,2.881,m3/sec,2019
QOB,MANUAL-Observed Discharge 3,2019-10-29 08:00:00,2.881,m3/sec,2019
QOB,MANUAL-Observed Discharge 3,2019-10-30 08:00:00,3.87,m3/sec,2019
QOB,MANUAL-Observed Discharge 3,2019-10-31 08:00:00,5.376,m3/sec,2019
QOB,MANUAL-Observed Discharge 3,2019-11-01 08:00:00,5.376,m3/sec,2019
QOB,MANUAL-Observed Discharge 3,2019-11-02 08:00:00,4.593,m3/sec,2019
QOB,MANUAL-Observed Discharge 3,2019-11-03 08:00:00,4.304,m3/sec,2019
QOB,MANUAL-Observed Discharge 3,2019-11-04 08:00:00,3.87,m3/sec,2019
QOB,MANUAL-Observed Discharge 3,2019-11-05 08:00:00,2.881,m3/sec,2019
QOB,MANUAL-Observed Discharge 3,2019-11-06 08:00:00,2.113,m3/sec,2019
QOB,MANUAL-Observed Discharge 3,2019-11-07 08:00:00,1.618,m3/sec,2019
QOB,MANUAL-Observed Discharge 3,2019-11-08 08:00:00,0.049,m3/sec,2019
QOB,MANUAL-Observed Discharge 3,2019-12-01 08:00:00,0.049,m3/sec,2019
QOB,MANUAL-Observed Discharge 3,2020-08-01 08:00:00,11.23,m3/sec,2020
QOB,MANUAL-Observed Discharge 3,2020-08-02 08:00:00,16.355,m3/sec,2020
QOB,MANUAL-Observed Discharge 3,2020-08-03 08:00:00,16.355,m3/sec,2020
QOB,MANUAL-Observed Discharge 3,2020-08-04 08:00:00,25.97,m3/sec,2020
QOB,MANUAL-Observed Discharge 3,2020-08-05 08:00:00,25.97,m3/sec,2020
QOB,MANUAL-Observed Discharge 3,2020-08-06 08:00:00,25.97,m3/sec,2020
QOB,MANUAL-Observed Discharge 3,2020-08-07 08:00:00,25.97,m3/sec,2020
QOB,MANUAL-Observed Discharge 3,2020-08-08 08:00:00,25.97,m3/sec,2020
QOB,MANUAL-Observed Discharge 3,2020-08-09 08:00:00,25.97,m3/sec,2020
QOB,MANUAL-Observed Discharge 3,2020-08-10 08:00:00,25.97,m3/sec,2020
QOB,MANUAL-Observed Discharge 3,2020-08-11 08:00:00,38.04,m3/sec,2020
QOB,MANUAL-Observed Discharge 3,2020-08-12 08:00:00,38.04,m3/sec,2020
QOB,MANUAL-Observed Discharge 3,2020-08-13 08:00:00,38.04,m3/sec,2020
QOB,MANUAL-Observed Discharge 3,2020-08-14 08:00:00,25.97,m3/sec,2020
QOB,MANUAL-Observed Discharge 3,2020-08-15 08:00:00,25.97,m3/sec,2020
QOB,MANUAL-Observed Discharge 3,2020-08-16 08:00:00,25.97,m3/sec,2020
QOB,MANUAL-Observed Discharge 3,2020-08-17 08:00:00,25.97,m3/sec,2020
QOB,MANUAL-Observed Discharge 3,2020-08-18 08:00:00,25.97,m3/sec,2020
QOB,MANUAL-Observed Discharge 3,2020-08-19 08:00:00,16.355,m3/sec,2020
QOB,MANUAL-Observed Discharge 3,2020-08-20 08:00:00,16.355,m3/sec,2020
QOB,MANUAL-Observed Discharge 3,2020-08-21 08:00:00,16.355,m3/sec,2020
QOB,MANUAL-Observed Discharge 3,2020-08-22 08:00:00,16.355,m3/sec,2020
QOB,MANUAL-Observed Discharge 3,2020-08-23 08:00:00,16.355,m3/sec,2020
QOB,MANUAL-Observed Discharge 3,2020-08-24 08:00:00,16.355,m3/sec,2020
QOB,MANUAL-Observed Discharge 3,2020-08-25 08:00:00,11.23,m3/sec,2020
QOB,MANUAL-Observed Discharge 3,2020-08-26 08:00:00,11.23,m3/sec,2020
QOB,MANUAL-Observed Discharge 3,2020-08-27 08:00:00,11.23,m3/sec,2020
QOB,MANUAL-Observed Discharge 3,2020-08-28 08:00:00,11.23,m3/sec,2020
QOB,MANUAL-Observed Discharge 3,2020-08-29 08:00:00,11.23,m3/sec,2020
QOB,MANUAL-Observed Discharge 3,2020-08-30 08:00:00,11.23,m3/sec,2020
QOB,MANUAL-Observed Discharge 3,2020-08-31 08:00:00,11.23,m3/sec,2020
QOB,MANUAL-Observed Discharge 3,2020-09-01 08:00:00,16.355,m3/sec,2020
QOB,MANUAL-Observed Discharge 3,2020-09-02 08:00:00,16.355,m3/sec,2020
QOB,MANUAL-Observed Discharge 3,2020-09-03 08:00:00,16.355,m3/sec,2020
QOB,MANUAL-Observed Discharge 3,2020-09-04 08:00:00,16.355,m3/sec,2020
QOB,MANUAL-Observed Discharge 3,2020-09-05 08:00:00,16.355,m3/sec,2020
QOB,MANUAL-Observed Discharge 3,2020-09-06 08:00:00,16.355,m3/sec,2020
QOB,MANUAL-Observed Discharge 3,2020-09-07 08:00:00,16.355,m3/sec,2020
QOB,MANUAL-Observed Discharge 3,2020-09-08 08:00:00,16.355,m3/sec,2020
QOB,MANUAL-Observed Discharge 3,2020-09-09 08:00:00,16.355,m3/sec,2020
QOB,MANUAL-Observed Discharge 3,2020-09-10 08:00:00,25.97,m3/sec,2020
QOB,MANUAL-Observed Discharge 3,2020-09-11 08:00:00,25.97,m3/sec,2020
QOB,MANUAL-Observed Discharge 3,2020-09-12 08:00:00,25.97,m3/sec,2020
QOB,MANUAL-Observed Discharge 3,2020-09-13 08:00:00,25.97,m3/sec,2020
QOB,MANUAL-Observed Discharge 3,2020-09-14 08:00:00,25.97,m3/sec,2020
QOB,MANUAL-Observed Discharge 3,2020-09-15 08:00:00,25.97,m3/sec,2020
QOB,MANUAL-Observed Discharge 3,2020-09-16 08:00:00,25.97,m3/sec,2020
QOB,MANUAL-Observed Discharge 3,2020-09-17 08:00:00,25.97,m3/sec,2020
QOB,MANUAL-Observed Discharge 3,2020-09-18 08:00:00,25.97,m3/sec,2020
QOB,MANUAL-Observed Discharge 3,2020-09-19 08:00:00,25.97,m3/sec,2020
QOB,MANUAL-Observed Discharge 3,2020-09-20 08:00:00,25.97,m3/sec,2020
QOB,MANUAL-Observed Discharge 3,2020-09-21 08:00:00,25.97,m3/sec,2020
QOB,MANUAL-Observed Discharge 3,2020-09-22 08:00:00,25.97,m3/sec,2020
QOB,MANUAL-Observed Discharge 3,2020-09-23 08:00:00,25.97,m3/sec,2020
QOB,MANUAL-Observed Discharge 3,2020-09-24 08:00:00,16.355,m3/sec,2020
QOB,MANUAL-Observed Discharge 3,2020-09-25 08:00:00,16.355,m3/sec,2020
QOB,MANUAL-Observed Discharge 3,2020-09-26 08:00:00,16.355,m3/sec,2020
QOB,MANUAL-Observed Discharge 3,2020-09-27 08:00:00,16.355,m3/sec,2020
QOB,MANUAL-Observed Discharge 3,2020-09-28 08:00:00,11.23,m3/sec,2020
QOB,MANUAL-Observed Discharge 3,2020-09-29 08:00:00,11.23,m3/sec,2020
QOB,MANUAL-Observed Discharge 3,2020-09-30 08:00:00,11.23,m3/sec,2020
QOB,MANUAL-Observed Discharge 3,2020-10-01 08:00:00,10.224,m3/sec,2020
QOB,MANUAL-Observed Discharge 3,2020-10-02 08:00:00,10.224,m3/sec,2020
QOB,MANUAL-Observed Discharge 3,2020-10-03 08:00:00,10.224,m3/sec,2020
QOB,MANUAL-Observed Discharge 3,2020-10-04 08:00:00,7.841,m3/sec,2020
QOB,MANUAL-Observed Discharge 3,2020-10-05 08:00:00,7.841,m3/sec,2020
QOB,MANUAL-Observed Discharge 3,2020-10-06 08:00:00,7.841,m3/sec,2020
QOB,MANUAL-Observed Discharge 3,2020-10-07 08:00:00,11.23,m3/sec,2020
QOB,MANUAL-Observed Discharge 3,2020-10-08 08:00:00,11.23,m3/sec,2020
QOB,MANUAL-Observed Discharge 3,2020-10-09 08:00:00,16.355,m3/sec,2020
QOB,MANUAL-Observed Discharge 3,2020-10-10 08:00:00,11.23,m3/sec,2020
QOB,MANUAL-Observed Discharge 3,2020-10-11 08:00:00,10.224,m3/sec,2020
QOB,MANUAL-Observed Discharge 3,2020-10-12 08:00:00,7.841,m3/sec,2020
QOB,MANUAL-Observed Discharge 3,2020-10-13 08:00:00,6.607,m3/sec,2020
QOB,MANUAL-Observed Discharge 3,2020-10-14 08:00:00,4.48,m3/sec,2020
QOB,MANUAL-Observed Discharge 3,2020-10-15 08:00:00,3.01,m3/sec,2020
QOB,MANUAL-Observed Discharge 3,2020-10-16 08:00:00,3.01,m3/sec,2020
QOB,MANUAL-Observed Discharge 3,2020-10-17 08:00:00,3.01,m3/sec,2020
QOB,MANUAL-Observed Discharge 3,2020-10-18 08:00:00,3.01,m3/sec,2020
QOB,MANUAL-Observed Discharge 3,2020-10-19 08:00:00,4.48,m3/sec,2020
QOB,MANUAL-Observed Discharge 3,2020-10-20 08:00:00,6.607,m3/sec,2020
QOB,MANUAL-Observed Discharge 3,2020-10-21 08:00:00,6.607,m3/sec,2020
QOB,MANUAL-Observed Discharge 3,2020-10-22 08:00:00,7.841,m3/sec,2020
QOB,MANUAL-Observed Discharge 3,2020-10-23 08:00:00,7.841,m3/sec,2020
QOB,MANUAL-Observed Discharge 3,2020-10-24 08:00:00,6.607,m3/sec,2020
QOB,MANUAL-Observed Discharge 3,2020-10-25 08:00:00,6.607,m3/sec,2020
QOB,MANUAL-Observed Discharge 3,2020-10-26 08:00:00,4.48,m3/sec,2020
QOB,MANUAL-Observed Discharge 3,2020-10-27 08:00:00,4.48,m3/sec,2020
QOB,MANUAL-Observed Discharge 3,2020-10-28 08:00:00,4.48,m3/sec,2020
QOB,MANUAL-Observed Discharge 3,2020-10-29 08:00:00,4.48,m3/sec,2020
QOB,MANUAL-Observed Discharge 3,2020-10-30 08:00:00,4.48,m3/sec,2020
QOB,MANUAL-Observed Discharge 3,2020-10-31 08:00:00,4.48,m3/sec,2020
QOB,MANUAL-Observed Discharge 3,2020-11-01 08:00:00,4.48,m3/sec,2020
QOB,MANUAL-Observed Discharge 3,2020-11-02 08:00:00,4.48,m3/sec,2020
QOB,MANUAL-Observed Discharge 3,2020-11-03 08:00:00,4.48,m3/sec,2020
QOB,MANUAL-Observed Discharge 3,2020-11-04 08:00:00,4.48,m3/sec,2020
QOB,MANUAL-Observed Discharge 3,2020-11-05 08:00:00,4.48,m3/sec,2020
QOB,MANUAL-Observed Discharge 3,2020-11-06 08:00:00,4.48,m3/sec,2020
QOB,MANUAL-Observed Discharge 3,2020-11-07 08:00:00,4.48,m3/sec,2020
QOB,MANUAL-Observed Discharge 3,2020-11-08 08:00:00,4.48,m3/sec,2020
QOB,MANUAL-Observed Discharge 3,2020-11-09 08:00:00,6.607,m3/sec,2020
QOB,MANUAL-Observed Discharge 3,2020-11-10 08:00:00,6.607,m3/sec,2020
QOB,MANUAL-Observed Discharge 3,2020-11-11 08:00:00,6.607,m3/sec,2020
QOB,MANUAL-Observed Discharge 3,2020-11-12 08:00:00,6.607,m3/sec,2020
QOB,MANUAL-Observed Discharge 3,2020-11-13 08:00:00,7.841,m3/sec,2020
QOB,MANUAL-Observed Discharge 3,2020-11-14 08:00:00,7.841,m3/sec,2020
QOB,MANUAL-Observed Discharge 3,2020-11-15 08:00:00,10.224,m3/sec,2020
QOB,MANUAL-Observed Discharge 3,2020-11-16 08:00:00,11.23,m3/sec,2020
QOB,MANUAL-Observed Discharge 3,2020-11-17 08:00:00,11.23,m3/sec,2020
QOB,MANUAL-Observed Discharge 3,2020-11-18 08:00:00,16.355,m3/sec,2020
QOB,MANUAL-Observed Discharge 3,2020-11-19 08:00:00,16.355,m3/sec,2020
QOB,MANUAL-Observed Discharge 3,2020-11-20 08:00:00,25.97,m3/sec,2020
QOB,MANUAL-Observed Discharge 3,2020-11-21 08:00:00,25.97,m3/sec,2020
QOB,MANUAL-Observed Discharge 3,2020-11-22 08:00:00,16.355,m3/sec,2020
QOB,MANUAL-Observed Discharge 3,2020-11-23 08:00:00,16.355,m3/sec,2020
QOB,MANUAL-Observed Discharge 3,2020-11-24 08:00:00,25.97,m3/sec,2020
QOB,MANUAL-Observed Discharge 3,2020-11-25 08:00:00,25.97,m3/sec,2020
QOB,MANUAL-Observed Discharge 3,2020-11-26 08:00:00,38.04,m3/sec,2020
QOB,MANUAL-Observed Discharge 3,2020-11-27 08:00:00,55.207,m3/sec,2020
QOB,MANUAL-Observed Discharge 3,2020-11-28 08:00:00,38.04,m3/sec,2020
QOB,MANUAL-Observed Discharge 3,2020-11-29 08:00:00,25.97,m3/sec,2020
QOB,MANUAL-Observed Discharge 3,2020-11-30 08:00:00,38.04,m3/sec,2020
QOB,MANUAL-Observed Discharge 3,2020-12-01 08:00:00,25.97,m3/sec,2020
QOB,MANUAL-Observed Discharge 3,2020-12-02 08:00:00,25.97,m3/sec,2020
QOB,MANUAL-Observed Discharge 3,2020-12-03 08:00:00,16.355,m3/sec,2020
QOB,MANUAL-Observed Discharge 3,2020-12-04 08:00:00,16.355,m3/sec,2020
QOB,MANUAL-Observed Discharge 3,2020-12-05 08:00:00,11.23,m3/sec,2020
QOB,MANUAL-Observed Discharge 3,2020-12-06 08:00:00,16.355,m3/sec,2020
QOB,MANUAL-Observed Discharge 3,2020-12-07 08:00:00,11.23,m3/sec,2020
QOB,MANUAL-Observed Discharge 3,2020-12-08 08:00:00,16.355,m3/sec,2020
QOB,MANUAL-Observed Discharge 3,2020-12-09 08:00:00,16.355,m3/sec,2020
QOB,MANUAL-Observed Discharge 3,2020-12-10 08:00:00,25.97,m3/sec,2020
QOB,MANUAL-Observed Discharge 3,2020-12-11 08:00:00,25.97,m3/sec,2020
QOB,MANUAL-Observed Discharge 3,2020-12-12 08:00:00,25.97,m3/sec,2020
QOB,MANUAL-Observed Discharge 3,2020-12-13 08:00:00,16.355,m3/sec,2020
QOB,MANUAL-Observed Discharge 3,2020-12-14 08:00:00,25.97,m3/sec,2020
QOB,MANUAL-Observed Discharge 3,2020-12-15 08:00:00,25.97,m3/sec,2020
QOB,MANUAL-Observed Discharge 3,2020-12-16 08:00:00,16.355,m3/sec,2020
QOB,MANUAL-Observed Discharge 3,2020-12-17 08:00:00,16.355,m3/sec,2020
QOB,MANUAL-Observed Discharge 3,2020-12-18 08:00:00,11.23,m3/sec,2020
QOB,MANUAL-Observed Discharge 3,2020-12-19 08:00:00,11.23,m3/sec,2020
QOB,MANUAL-Observed Discharge 3,2020-12-20 08:00:00,11.23,m3/sec,2020
QOB,MANUAL-Observed Discharge 3,2020-12-21 08:00:00,16.355,m3/sec,2020
QOB,MANUAL-Observed Discharge 3,2020-12-22 08:00:00,16.355,m3/sec,2020
QOB,MANUAL-Observed Discharge 3,2020-12-23 08:00:00,11.23,m3/sec,2020
QOB,MANUAL-Observed Discharge 3,2020-12-24 08:00:00,11.23,m3/sec,2020
QOB,MANUAL-Observed Discharge 3,2020-12-25 08:00:00,11.23,m3/sec,2020
QOB,MANUAL-Observed Discharge 3,2020-12-26 08:00:00,11.23,m3/sec,2020
QOB,MANUAL-Observed Discharge 3,2020-12-27 08:00:00,10.224,m3/sec,2020
QOB,MANUAL-Observed Discharge 3,2020-12-28 08:00:00,10.224,m3/sec,2020
QOB,MANUAL-Observed Discharge 3,2020-12-29 08:00:00,10.224,m3/sec,2020
QOB,MANUAL-Observed Discharge 3,2020-12-30 08:00:00,10.224,m3/sec,2020
QOB,MANUAL-Observed Discharge 3,2020-12-31 08:00:00,7.841,m3/sec,2020
QOB,MANUAL-Observed Discharge 3,2021-01-01 08:00:00,7.841,m3/sec,2021
QOB,MANUAL-Observed Discharge 3,2021-01-02 08:00:00,7.841,m3/sec,2021
QOB,MANUAL-Observed Discharge 3,2021-01-03 08:00:00,6.607,m3/sec,2021
QOB,MANUAL-Observed Discharge 3,2021-01-04 08:00:00,6.607,m3/sec,2021
QOB,MANUAL-Observed Discharge 3,2021-01-05 08:00:00,6.607,m3/sec,2021
QOB,MANUAL-Observed Discharge 3,2021-01-06 08:00:00,6.607,m3/sec,2021
QOB,MANUAL-Observed Discharge 3,2021-01-07 08:00:00,4.48,m3/sec,2021
QOB,MANUAL-Observed Discharge 3,2021-01-08 08:00:00,4.48,m3/sec,2021
QOB,MANUAL-Observed Discharge 3,2021-01-09 08:00:00,4.48,m3/sec,2021
QOB,MANUAL-Observed Discharge 3,2021-01-10 08:00:00,4.48,m3/sec,2021
QOB,MANUAL-Observed Discharge 3,2021-01-11 08:00:00,4.48,m3/sec,2021
QOB,MANUAL-Observed Discharge 3,2021-01-12 08:00:00,4.48,m3/sec,2021
QOB,MANUAL-Observed Discharge 3,2021-01-13 08:00:00,4.48,m3/sec,2021
QOB,MANUAL-Observed Discharge 3,2021-01-14 08:00:00,3.01,m3/sec,2021
QOB,MANUAL-Observed Discharge 3,2021-01-15 08:00:00,3.01,m3/sec,2021
QOB,MANUAL-Observed Discharge 3,2021-01-16 08:00:00,3.01,m3/sec,2021
QOB,MANUAL-Observed Discharge 3,2021-01-17 08:00:00,3.01,m3/sec,2021
QOB,MANUAL-Observed Discharge 3,2021-01-18 08:00:00,3.01,m3/sec,2021
QOB,MANUAL-Observed Discharge 3,2021-01-19 08:00:00,1.41,m3/sec,2021
QOB,MANUAL-Observed Discharge 3,2021-01-20 08:00:00,1.41,m3/sec,2021
QOB,MANUAL-Observed Discharge 3,2021-01-21 08:00:00,1.41,m3/sec,2021
QOB,MANUAL-Observed Discharge 3,2021-01-22 08:00:00,1.41,m3/sec,2021
QOB,MANUAL-Observed Discharge 3,2021-01-23 08:00:00,1.41,m3/sec,2021
QOB,MANUAL-Observed Discharge 3,2021-01-24 08:00:00,1.41,m3/sec,2021
QOB,MANUAL-Observed Discharge 3,2021-01-25 08:00:00,0.824,m3/sec,2021
QOB,MANUAL-Observed Discharge 3,2021-01-26 08:00:00,0.824,m3/sec,2021
QOB,MANUAL-Observed Discharge 3,2021-01-27 08:00:00,0.824,m3/sec,2021
QOB,MANUAL-Observed Discharge 3,2021-01-28 08:00:00,0.824,m3/sec,2021
QOB,MANUAL-Observed Discharge 3,2021-01-29 08:00:00,0.824,m3/sec,2021
QOB,MANUAL-Observed Discharge 3,2021-01-30 08:00:00,0.824,m3/sec,2021
QOB,MANUAL-Observed Discharge 3,2021-01-31 08:00:00,0.824,m3/sec,2021
QOB,MANUAL-Observed Discharge 3,2023-12-01 08:00:00,4.911,m3/sec,2023
